activeKilocalories,activityType,averageHeartRateInBeatsPerMinute,averagePaceInMinutesPerKilometer,averageRunCadenceInStepsPerMinute,averageSpeedInMetersPerSecond,date,deviceName,distanceInMeters,durationInSeconds,maxHeartRateInBeatsPerMinute,maxPaceInMinutesPerKilometer,maxRunCadenceInStepsPerMinute,maxSpeedInMetersPerSecond,id,startTimeInSeconds,startTimeOffsetInSeconds,steps,summaryId
77.0,RUNNING,162.0,21.987686,162.0,0.758,1026.0,vivosmart4APAC,243.03,320.0,188.0,4.1802526,174.0,3.987,1091_uty_activities_1,1603709145.0,28800.0,1326.0,5730346023.0
429.0,RUNNING,153.0,5.7810154,162.0,2.883,1019.0,vivosmart4APAC,5962.11,2067.0,178.0,4.667227,170.0,3.571,1091_uty_activities_11,1602814529.0,28800.0,5534.0,5698723736.0
236.0,RUNNING,173.0,6.2351913,154.0,2.673,1019.0,vivosmart4APAC,2659.91,995.0,183.0,4.7906485,164.0,3.4789999999999996,1091_uty_activities_11,1602816693.0,28800.0,2530.0,5698724089.0
68.0,WALKING,106.0,11.679514,114.0,1.4269999999999998,1019.0,vivosmart4APAC,1066.07,746.0,120.0,10.058338000000001,158.0,1.6569999999999998,1091_uty_activities_11,1602849568.0,28800.0,1372.0,5698724417.0
12.0,RUNNING,126.0,12.437811,114.0,1.34,1024.0,vivosmart4APAC,171.55,127.0,131.0,11.066842999999999,120.0,1.506,1091_uty_activities_11,1603429138.0,28800.0,246.0,5720537228.0
184.0,RUNNING,150.0,6.337135,168.0,2.63,1025.0,vivosmart4APAC,3538.01,1345.0,171.0,5.6306305,176.0,2.96,1091_uty_activities_11,1603630705.0,28800.0,3756.0,5726425997.0
57.0,WALKING,104.0,15.403573000000002,110.0,1.082,1019.0,vivosmart4APAC,702.2,649.0,113.0,8.776548,122.0,1.899,1091_uty_activities_13,1602935279.0,28800.0,1056.0,5698724680.0
133.0,RUNNING,128.0,6.988119999999999,160.0,2.385,1019.0,vivosmart4APAC,1972.96,827.0,157.0,3.4258307999999995,176.0,4.865,1091_uty_activities_15,1603100569.0,28800.0,1854.0,5698725039.0
597.0,RUNNING,150.0,6.2492185,158.0,2.667,1019.0,vivosmart4APAC,8167.49,3062.0,172.0,4.3561597,172.0,3.826,1091_uty_activities_15,1603101431.0,28800.0,7556.0,5698725978.0
157.0,RUNNING,145.0,7.068136999999999,150.0,2.358,1019.0,vivosmart4APAC,2007.54,851.0,178.0,4.492363,226.0,3.71,1091_uty_activities_15,1603104494.0,28800.0,1812.0,5698726375.0
137.0,WALKING,94.0,14.934288,106.0,1.1159999999999999,1022.0,vivosmart4APAC,2145.6,1923.0,119.0,10.893247,114.0,1.53,1091_uty_activities_15,1603200962.0,28800.0,2816.0,5710611200.0
152.0,RUNNING,140.0,7.631257499999999,158.0,2.184,1022.0,vivosmart4APAC,1818.62,832.0,172.0,4.8647594000000005,164.0,3.426,1091_uty_activities_15,1603271739.0,28800.0,1772.0,5710611368.0
735.0,RUNNING,172.0,6.096074,158.0,2.734,1022.0,vivosmart4APAC,8529.49,3120.0,184.0,4.1438756,170.0,4.022,1091_uty_activities_15,1603272630.0,28800.0,7998.0,5710611779.0
90.0,RUNNING,171.0,8.118201,160.0,2.053,1022.0,vivosmart4APAC,791.69,385.0,181.0,5.0095186,166.0,3.327,1091_uty_activities_15,1603275905.0,28800.0,760.0,5710611861.0
18.0,RUNNING,136.0,6.485084,144.0,2.57,1022.0,vivosmart4APAC,256.92,99.0,147.0,4.2365699999999995,174.0,3.9339999999999997,1091_uty_activities_15,1603276507.0,28800.0,240.0,5710611927.0
700.0,RUNNING,164.0,6.207325,158.0,2.685,1024.0,vivosmart4APAC,8572.17,3192.0,178.0,4.1469684,172.0,4.019,1091_uty_activities_15,1603536252.0,28800.0,8200.0,5721848913.0
229.0,RUNNING,164.0,6.907031,154.0,2.4130000000000003,1024.0,vivosmart4APAC,2533.89,1050.0,185.0,4.836525,170.0,3.446,1091_uty_activities_15,1603539466.0,28800.0,2426.0,5721849742.0
94.0,WALKING,107.0,10.9218,110.0,1.526,1022.0,vivosmart4APAC,1524.11,998.0,118.0,4.9280504999999994,216.0,3.3819999999999997,1091_uty_activities_4,1603017631.0,28800.0,1790.0,5711263352.0
55.0,WALKING,90.0,18.96094,102.0,0.879,1021.0,vivosmart4APAC,762.11,867.0,106.0,8.813678999999999,138.0,1.891,1091_uty_activities_5,1602831993.0,28800.0,1192.0,5706528124.0
63.0,WALKING,98.0,36.791756,96.0,0.45299999999999996,1021.0,vivosmart4APAC,448.16,988.0,112.0,7.3131485000000005,160.0,2.279,1091_uty_activities_5,1602916182.0,28800.0,952.0,5706528229.0
63.0,WALKING,88.0,16.260162,108.0,1.025,1022.0,vivosmart4APAC,700.51,683.0,119.0,7.9554496,206.0,2.095,1091_uty_activities_5,1603264003.0,28800.0,1006.0,5711263490.0
55.0,WALKING,104.0,16.134237,108.0,1.033,1029.0,vivosmart4APAC,752.09,727.0,123.0,10.568589999999999,116.0,1.577,1091_uty_activities_5,1603418424.0,28800.0,1010.0,5742825065.0
51.0,WALKING,90.0,64.59949,94.0,0.258,1029.0,vivosmart4APAC,217.96,844.0,102.0,11.066842999999999,112.0,1.506,1091_uty_activities_5,1603535864.0,28800.0,912.0,5742825104.0
53.0,WALKING,90.0,143.67816000000002,94.0,0.11599999999999999,1029.0,vivosmart4APAC,109.99,944.0,100.0,12.094823,102.0,1.3780000000000001,1091_uty_activities_5,1603618560.0,28800.0,1140.0,5742825145.0
48.0,WALKING,98.0,18.982534,100.0,0.878,1029.0,vivosmart4APAC,637.75,726.0,108.0,10.262725999999999,112.0,1.624,1091_uty_activities_5,1603691200.0,28800.0,940.0,5742825202.0
70.0,WALKING,102.0,16.18123,100.0,1.03,1029.0,vivosmart4APAC,1067.86,1036.0,119.0,11.215792,148.0,1.486,1091_uty_activities_5,1603752633.0,28800.0,1380.0,5742825257.0
78.0,WALKING,95.0,21.39495,100.0,0.779,1029.0,vivosmart4APAC,976.39,1253.0,109.0,10.986597,124.0,1.517,1091_uty_activities_5,1603781745.0,28800.0,1654.0,5742825322.0
93.0,WALKING,106.0,16.323864,104.0,1.021,930.0,vivosmart4APAC,1218.83,1193.0,123.0,10.9218,158.0,1.526,1091_mr_activities_1,1601464161.0,28800.0,1614.0,5611955914.0
52.0,WALKING,106.0,19.86492,100.0,0.8390000000000001,1001.0,vivosmart4APAC,592.07,705.0,120.0,11.820332,108.0,1.41,1091_mr_activities_1,1601521277.0,28800.0,874.0,5617148973.0
62.0,WALKING,111.0,13.808341,120.0,1.207,1016.0,vivosmart4APAC,892.8,739.0,121.0,7.7591558,152.0,2.148,1091_mr_activities_11,1602845714.0,28800.0,1126.0,5684402622.0
55.0,WALKING,92.0,12.465719,120.0,1.337,1022.0,vivosmart4APAC,1020.3,763.0,110.0,8.291874,130.0,2.01,1091_mr_activities_11,1603340058.0,28800.0,1272.0,5710774289.0
115.0,WALKING,138.0,13.808341,114.0,1.207,1027.0,vivosmart4APAC,970.94,804.0,148.0,8.5470085,130.0,1.95,1091_mr_activities_11,1603799640.0,28800.0,1228.0,5735004828.0
70.0,WALKING,106.0,15.304560999999998,110.0,1.089,1018.0,vivosmart4APAC,1182.92,1086.0,119.0,8.689608,130.0,1.9180000000000001,1091_mr_activities_13,1603011388.0,28800.0,1576.0,5692898916.0
53.0,WALKING,104.0,13.638844,114.0,1.222,1019.0,vivosmart4APAC,935.23,765.0,119.0,8.320852,120.0,2.003,1091_mr_activities_13,1603090430.0,28800.0,1116.0,5699059572.0
88.0,WALKING,108.0,12.939959,108.0,1.288,1019.0,vivosmart4APAC,1764.38,1370.0,121.0,8.726004,118.0,1.91,1091_mr_activities_13,1603098045.0,28800.0,2096.0,5699059952.0
69.0,WALKING,106.0,13.248543,112.0,1.258,1023.0,vivosmart4APAC,1277.85,1015.0,120.0,4.051207499999999,222.0,4.114,1091_mr_activities_13,1603342610.0,28800.0,1560.0,5715391449.0
50.0,WALKING,105.0,15.842838,110.0,1.052,1025.0,vivosmart4APAC,786.41,747.0,115.0,9.908838000000001,118.0,1.682,1091_mr_activities_13,1603621297.0,28800.0,1114.0,5725471282.0
58.0,WALKING,113.0,14.5180025,112.0,1.148,1025.0,vivosmart4APAC,934.54,814.0,121.0,8.799717999999999,144.0,1.8940000000000001,1091_mr_activities_13,1603622643.0,28800.0,1298.0,5725471705.0
90.0,WALKING,114.0,11.887779,116.0,1.402,1031.0,vivosmart4APAC,1643.27,1171.0,125.0,6.734007000000001,132.0,2.475,1091_mr_activities_13,1604119484.0,28800.0,2016.0,5750934482.0
116.0,RUNNING,126.0,7.906388300000001,138.0,2.108,1031.0,vivosmart4APAC,2609.32,1237.0,159.0,3.6963114999999998,230.0,4.5089999999999995,1091_mr_activities_13,1604140007.0,28800.0,2648.0,5751951429.0
75.0,WALKING,118.0,14.530660000000001,118.0,1.147,1031.0,vivosmart4APAC,1263.11,1101.0,132.0,10.076582,130.0,1.6540000000000001,1091_mr_activities_14,1603878486.0,28800.0,1796.0,5750982704.0
74.0,WALKING,111.0,17.580872,110.0,0.948,1007.0,vivosmart4APAC,762.12,804.0,124.0,8.082767500000001,124.0,2.062,1091_mr_activities_2,1601472608.0,28800.0,1056.0,5642596480.0
49.0,WALKING,100.0,28.636884999999996,100.0,0.5820000000000001,1018.0,vivosmart4APAC,361.16,620.0,113.0,10.39069,118.0,1.604,1091_mr_activities_2,1603024755.0,28800.0,730.0,5694254363.0
110.0,WALKING,106.0,33.60215,94.0,0.496,1025.0,vivosmart4APAC,597.98,1206.0,126.0,5.5352597,190.0,3.011,1091_mr_activities_2,1603633567.0,28800.0,1416.0,5726697789.0
127.0,WALKING,112.0,13.092433,108.0,1.273,1030.0,vivosmart4APAC,2007.38,1576.0,121.0,4.96475,230.0,3.3569999999999998,1091_mr_activities_2,1603890556.0,28800.0,2588.0,5748067481.0
72.0,WALKING,111.0,14.343086999999999,104.0,1.162,1030.0,vivosmart4APAC,1010.75,869.0,123.0,9.507511000000001,124.0,1.7530000000000001,1091_mr_activities_2,1603893046.0,28800.0,1330.0,5748067702.0
58.0,WALKING,112.0,15.649451000000001,102.0,1.065,1030.0,vivosmart4APAC,687.02,645.0,119.0,10.649627,114.0,1.565,1091_mr_activities_2,1603894092.0,28800.0,1004.0,5748067839.0
67.0,WALKING,113.0,24.050024,112.0,0.693,1018.0,vivosmart4APAC,467.57,674.0,127.0,8.8841505,122.0,1.876,1091_mr_activities_4,1602762575.0,28800.0,678.0,5696115362.0
54.0,WALKING,103.0,18.518518,108.0,0.9,1018.0,vivosmart4APAC,638.95,710.0,115.0,4.3032965999999995,212.0,3.873,1091_mr_activities_4,1602849343.0,28800.0,932.0,5696115543.0
111.0,WALKING,104.0,14.405071,102.0,1.157,1016.0,vivosmart4APAC,1362.46,1177.0,120.0,8.758101,126.0,1.903,1091_mr_activities_6,1602851049.0,28800.0,1846.0,5685711845.0
61.0,WALKING,99.0,22.133685999999997,92.0,0.753,1017.0,vivosmart4APAC,522.13,693.0,111.0,10.936133,106.0,1.524,1091_mr_activities_6,1602933790.0,28800.0,864.0,5690485110.0
113.0,WALKING,98.0,19.516003,102.0,0.8540000000000001,1019.0,vivosmart4APAC,1095.45,1283.0,108.0,7.050197,168.0,2.364,1091_mr_activities_6,1603021729.0,28800.0,1530.0,5697319528.0
75.0,WALKING,98.0,13.93534,106.0,1.196,1022.0,vivosmart4APAC,1012.28,846.0,109.0,7.974482000000001,120.0,2.09,1091_mr_activities_6,1603277358.0,28800.0,1302.0,5711556507.0
78.0,WALKING,99.0,14.607069000000001,104.0,1.141,1022.0,vivosmart4APAC,1010.06,885.0,111.0,9.107467999999999,120.0,1.83,1091_mr_activities_6,1603287578.0,28800.0,1320.0,5711557041.0
31.0,RUNNING,109.0,6.1774154,152.0,2.698,1028.0,vivosmart4APAC,568.71,210.0,122.0,4.335761,162.0,3.844,1091_mr_activities_6,1603714395.0,28800.0,502.0,5738083501.0
93.0,WALKING,92.0,15.028554999999999,106.0,1.109,1028.0,vivosmart4APAC,1189.57,1072.0,110.0,8.604371,116.0,1.9369999999999998,1091_mr_activities_6,1603794036.0,28800.0,1538.0,5738083791.0
83.0,WALKING,97.0,17.655367000000002,100.0,0.9440000000000001,1028.0,vivosmart4APAC,940.72,996.0,108.0,10.914647,114.0,1.527,1091_mr_activities_6,1603799018.0,28800.0,1306.0,5738084062.0
67.0,WALKING,99.0,19.223375,104.0,0.867,1028.0,vivosmart4APAC,626.35,722.0,114.0,9.908838000000001,114.0,1.682,1091_mr_activities_6,1603882941.0,28800.0,932.0,5739989241.0
58.0,WALKING,96.0,15.028554999999999,96.0,1.109,1028.0,vivosmart4APAC,827.73,746.0,108.0,9.004142,130.0,1.851,1091_mr_activities_6,1603887955.0,28800.0,1096.0,5739989771.0
121.0,WALKING,90.0,21.477663,98.0,0.7759999999999999,1029.0,vivosmart4APAC,1244.83,1603.0,108.0,6.777822500000001,178.0,2.459,1091_mr_activities_6,1603977899.0,28800.0,1962.0,5744844957.0
42.0,WALKING,97.0,30.138638,98.0,0.5529999999999999,1019.0,vivosmart4APAC,409.0,739.0,106.0,11.956000999999999,110.0,1.3940000000000001,1091_mr_activities_8,1603025601.0,28800.0,1126.0,5699474818.0
75.0,WALKING,116.0,16.134237,118.0,1.033,1020.0,vivosmart4APAC,855.55,828.0,128.0,9.656238,170.0,1.726,1091_mr_activities_8,1603201398.0,28800.0,1250.0,5703441427.0
79.0,WALKING,102.0,27.18869,110.0,0.613,1024.0,vivosmart4APAC,684.3,1115.0,118.0,9.458948,138.0,1.7619999999999998,1091_mr_activities_8,1603467569.0,28800.0,1286.0,5720610023.0
67.0,WALKING,108.0,23.180342,110.0,0.7190000000000001,1024.0,vivosmart4APAC,616.58,857.0,118.0,9.606148,134.0,1.735,1091_mr_activities_8,1603539018.0,28800.0,1182.0,5720610316.0
56.0,STRENGTH_TRAINING,118.0,17.253277,108.0,0.966,1020.0,vivosmart4APAC,1029.89,1022.0,112.0,11.431185000000001,116.0,1.4580000000000002,1091_mr_activities_9,1603114406.0,28800.0,1606.0,5703708528.0
233.0,RUNNING,159.0,6.019019999999999,168.0,2.7689999999999997,423.0,vivosmart4APAC,3129.44,1130.0,196.0,4.0819654000000005,182.0,4.083,1092_mrw_activities_1,1586864154.0,28800.0,2858.0,4824122402.0
58.0,WALKING,103.0,21.987686,106.0,0.758,423.0,vivosmart4APAC,539.42,711.0,124.0,10.528533,114.0,1.5830000000000002,1092_mrw_activities_1,1587168776.0,28800.0,812.0,4824122539.0
10.0,RUNNING,111.0,10.850694,116.0,1.536,509.0,vivosmart4APAC,180.74,117.0,117.0,9.71251,120.0,1.716,1092_mrw_activities_1,1588406725.0,28800.0,230.0,4903819726.0
197.0,RUNNING,166.0,6.611133000000001,154.0,2.521,509.0,vivosmart4APAC,2220.36,880.0,190.0,4.56246,178.0,3.653,1092_mrw_activities_1,1588678591.0,28800.0,2242.0,4903819887.0
68.0,RUNNING,170.0,7.572315700000001,158.0,2.201,509.0,vivosmart4APAC,653.46,296.0,185.0,4.9412,176.0,3.373,1092_mrw_activities_1,1588679629.0,28800.0,676.0,4903819966.0
48.0,WALKING,96.0,26.455027,100.0,0.63,509.0,vivosmart4APAC,410.73,652.0,110.0,9.573042,130.0,1.7409999999999999,1092_mrw_activities_1,1588747208.0,28800.0,658.0,4903820081.0
263.0,RUNNING,162.0,6.2680206,168.0,2.659,515.0,vivosmart4APAC,3289.06,1236.0,180.0,4.8718699999999995,178.0,3.4210000000000003,1092_mrw_activities_1,1589283209.0,28800.0,3178.0,4937446886.0
107.0,WALKING,103.0,19.584803,106.0,0.851,523.0,vivosmart4APAC,1156.01,12.0,124.0,10.615711,116.0,1.57,1092_mrw_activities_1,1589793590.0,28800.0,2194.0,4974384536.0
81.0,WALKING,104.0,10.801469,112.0,1.5430000000000001,530.0,vivosmart4APAC,1521.3,1358.0,121.0,8.99928,118.0,1.8519999999999999,1092_mrw_activities_1,1590663551.0,28800.0,1858.0,5009701337.0
70.0,WALKING,106.0,24.912806,108.0,0.669,530.0,vivosmart4APAC,434.75,986.0,125.0,8.059316,152.0,2.068,1092_mrw_activities_1,1590795674.0,28800.0,812.0,5009701582.0
71.0,WALKING,111.0,17.543860000000002,114.0,0.95,414.0,vivosmart4APAC,768.04,649.0,108.0,9.584052,118.0,1.739,1092_mrw_activities_2,1586836141.0,28800.0,1064.0,4781819542.0
775.0,WALKING,98.0,4.945598599999999,168.0,3.37,427.0,vivosmart4APAC,12413.48,808.0,184.0,2.5499797,238.0,6.5360000000000005,1092_mrw_activities_2,1587733379.0,28800.0,9756.0,4844261652.0
835.0,CYCLING,158.0,4.659398,172.0,3.577,503.0,vivosmart4APAC,14208.57,12197.0,190.0,3.0380363,244.0,5.486000000000001,1092_mrw_activities_2,1588390800.0,28800.0,10822.0,4874559033.0
882.0,RUNNING,156.0,5.206706,166.0,3.201,504.0,vivosmart4APAC,13748.14,3683.0,184.0,3.3507571000000005,238.0,4.974,1092_mrw_activities_2,1588597277.0,28800.0,11368.0,4880221321.0
6.0,RUNNING,156.0,10.319918,210.0,1.615,507.0,vivosmart4APAC,183.16,3972.0,91.0,3.2375032999999998,226.0,5.148,1092_mrw_activities_2,1588856038.0,28800.0,250.0,4898040516.0
525.0,RUNNING,81.0,4.83372,170.0,3.448,509.0,vivosmart4APAC,9185.51,4295.0,165.0,3.112356,220.0,5.355,1092_mrw_activities_2,1588944125.0,28800.0,7366.0,4903593396.0
73.0,RUNNING,148.0,28.058360999999998,98.0,0.594,510.0,vivosmart4APAC,460.83,113.0,117.0,6.7971725,158.0,2.452,1092_mrw_activities_2,1589031794.0,28800.0,908.0,4912170725.0
815.0,RUNNING,100.0,4.9617944000000005,172.0,3.359,511.0,vivosmart4APAC,13354.44,2664.0,179.0,3.1293027,232.0,5.3260000000000005,1092_mrw_activities_2,1589203096.0,28800.0,11010.0,4915977547.0
389.0,WALKING,151.0,4.6373587,170.0,3.594,513.0,vivosmart4APAC,7211.27,776.0,187.0,3.9625932999999995,234.0,4.206,1092_mrw_activities_2,1589330313.0,28800.0,5610.0,4923744891.0
68.0,RUNNING,150.0,23.44116,100.0,0.711,514.0,vivosmart4APAC,724.98,3976.0,106.0,3.7647767,210.0,4.427,1092_mrw_activities_2,1589455507.0,28800.0,1234.0,4930444896.0
70.0,RUNNING,91.0,16.835016,112.0,0.99,517.0,vivosmart4APAC,976.69,2006.0,101.0,7.8988949999999996,142.0,2.11,1092_mrw_activities_2,1589673235.0,28800.0,1242.0,4942976782.0
64.0,WALKING,77.0,40.064102,92.0,0.41600000000000004,517.0,vivosmart4APAC,378.57,1019.0,120.0,11.566042,128.0,1.4409999999999998,1092_mrw_activities_2,1589699038.0,28800.0,1082.0,4943779340.0
10.0,WALKING,85.0,16.056520000000003,122.0,1.038,524.0,vivosmart4APAC,114.86,986.0,117.0,10.469012,126.0,1.5919999999999999,1092_mrw_activities_2,1590317661.0,28800.0,156.0,4981289476.0
48.0,WALKING,102.0,17.289074,100.0,0.9640000000000001,529.0,vivosmart4APAC,758.13,11.0,112.0,9.172628,140.0,1.817,1092_mrw_activities_2,1590722913.0,28800.0,998.0,5005447643.0
122.0,WALKING,108.0,14.064698000000002,96.0,1.185,524.0,vivosmart4APAC,1159.96,909.0,144.0,10.636035000000001,110.0,1.567,1092_mrw_activities_3,1590324206.0,28800.0,1506.0,4981891312.0
46.0,RUNNING,99.0,16.149872,106.0,1.032,508.0,vivosmart4APAC,695.29,110.0,118.0,7.93273,158.0,2.101,1092_mrw_activities_4,1588759591.0,28800.0,920.0,4898803976.0
85.0,WALKING,126.0,15.561781,114.0,1.071,415.0,vivosmart4APAC,1130.21,786.0,123.0,3.3554795,238.0,4.967,1092_mrw_activities_5,1586908119.0,28800.0,1516.0,4785168583.0
55.0,WALKING,101.0,17.129154,108.0,0.973,416.0,vivosmart4APAC,681.44,979.0,123.0,3.1246092,230.0,5.334,1092_mrw_activities_5,1587010588.0,28800.0,884.0,4790365173.0
2.0,WALKING,107.0,114.15525,100.0,0.146,421.0,vivosmart4APAC,5.26,673.0,90.0,11.148272,116.0,1.495,1092_mrw_activities_5,1587512847.0,28800.0,914.0,4818689578.0
49.0,WALKING,109.0,18.254837,106.0,0.9129999999999999,518.0,vivosmart4APAC,635.8,1055.0,114.0,8.350033999999999,156.0,1.996,1092_mrw_activities_5,1588387602.0,28800.0,888.0,4949050289.0
52.0,WALKING,86.0,17.36111,106.0,0.96,518.0,vivosmart4APAC,639.63,700.0,122.0,3.7218995,238.0,4.478,1092_mrw_activities_5,1589760724.0,28800.0,234.0,4949050397.0
10.0,WALKING,105.0,12.391574,204.0,1.345,519.0,vivosmart4APAC,169.86,36.0,90.0,4.2636650000000005,250.0,3.909,1092_mrw_activities_5,1589877526.0,28800.0,2234.0,4956156725.0
114.0,WALKING,111.0,14.736220000000001,122.0,1.131,526.0,vivosmart4APAC,1712.73,696.0,108.0,7.810059,160.0,2.134,1092_mrw_activities_5,1590536332.0,28800.0,1542.0,4994818516.0
79.0,WALKING,81.0,14.607069000000001,122.0,1.141,528.0,vivosmart4APAC,1164.18,666.0,105.0,7.22439,132.0,2.307,1092_mrw_activities_5,1590623768.0,28800.0,168.0,5000124442.0
10.0,RUNNING,93.0,14.160294,128.0,1.177,412.0,vivosmart4APAC,149.09,126.0,103.0,9.326619,130.0,1.787,1092_mrw_activities_6,1586153015.0,28800.0,1704.0,4772714482.0
90.0,RUNNING,97.0,14.556041,120.0,1.145,412.0,vivosmart4APAC,1287.53,98.0,104.0,3.9243386,240.0,4.247,1092_mrw_activities_6,1586247427.0,28800.0,1078.0,4772714514.0
63.0,WALKING,84.0,13.290804000000001,114.0,1.254,425.0,vivosmart4APAC,829.8,853.0,121.0,7.575757,154.0,2.2,1092_mrw_activities_6,1587355816.0,28800.0,1292.0,4834683800.0
71.0,WALKING,97.0,17.182129999999997,110.0,0.97,411.0,vivosmart4APAC,973.98,1514.0,111.0,6.648052000000001,152.0,2.5069999999999997,1092_mrw_activities_7,1586572276.0,28800.0,1038.0,4767169888.0
66.0,WALKING,109.0,14.6455765,114.0,1.138,413.0,vivosmart4APAC,810.92,1020.0,123.0,4.6541934000000005,158.0,3.5810000000000004,1092_mrw_activities_7,1586574070.0,28800.0,1210.0,4776608853.0
70.0,RUNNING,93.0,15.532775,110.0,1.073,413.0,vivosmart4APAC,990.58,126.0,115.0,8.005123,142.0,2.082,1092_mrw_activities_7,1586787875.0,28800.0,1132.0,4778921981.0
59.0,WALKING,107.0,13.196094,108.0,1.263,418.0,vivosmart4APAC,942.13,1124.0,122.0,7.5108904999999995,158.0,2.219,1092_mrw_activities_7,1587177998.0,28800.0,1534.0,4799349443.0
147.0,WALKING,95.0,21.097046,100.0,0.79,411.0,vivosmart4APAC,1008.3,661.0,139.0,4.5837917,210.0,3.636,1092_mrw_activities_8,1586581516.0,28800.0,826.0,4766960359.0
90.0,WALKING,105.0,23.052097,100.0,0.723,411.0,vivosmart4APAC,546.87,1004.0,164.0,4.60787,208.0,3.617,1092_mrw_activities_8,1586596325.0,28800.0,2474.0,4769915925.0
303.0,WALKING,115.0,21.231422,100.0,0.785,418.0,vivosmart4APAC,1649.01,712.0,160.0,8.122157000000001,154.0,2.052,1092_mrw_activities_8,1587182657.0,28800.0,1386.0,4799370211.0
91.0,WALKING,115.0,20.833334,100.0,0.8,418.0,vivosmart4APAC,843.36,923.0,122.0,7.37137,158.0,2.261,1092_mrw_activities_8,1587201325.0,28800.0,894.0,4800158235.0
92.0,WALKING,128.0,25.523226,98.0,0.653,418.0,vivosmart4APAC,571.75,746.0,129.0,4.4432597000000005,226.0,3.7510000000000003,1092_mrw_activities_8,1587205780.0,28800.0,2678.0,4800497374.0
155.0,WALKING,104.0,11.345586,118.0,1.469,419.0,vivosmart4APAC,2432.27,1276.0,150.0,4.8576703000000006,168.0,3.431,1092_mrw_activities_8,1587259434.0,28800.0,1568.0,4804382533.0
119.0,WALKING,109.0,11.904762,118.0,1.4,419.0,vivosmart4APAC,1396.24,756.0,139.0,7.504127,160.0,2.221,1092_mrw_activities_8,1587267517.0,28800.0,1582.0,4804382621.0
102.0,WALKING,111.0,21.645021,96.0,0.77,419.0,vivosmart4APAC,1003.7,2100.0,115.0,4.6399403,204.0,3.592,1092_mrw_activities_8,1587268636.0,28800.0,1318.0,4804382783.0
64.0,WALKING,123.0,14.934288,102.0,1.1159999999999999,419.0,vivosmart4APAC,993.37,1054.0,112.0,10.156409,190.0,1.641,1092_mrw_activities_8,1587275020.0,28800.0,868.0,4804557329.0
65.0,WALKING,99.0,16.937668,104.0,0.9840000000000001,419.0,vivosmart4APAC,685.16,875.0,126.0,6.6427526,148.0,2.509,1092_mrw_activities_8,1587276760.0,28800.0,1132.0,4804557517.0
90.0,WALKING,91.0,13.93534,112.0,1.196,420.0,vivosmart4APAC,885.0,1656.0,130.0,9.551099,204.0,1.745,1092_mrw_activities_8,1587355987.0,28800.0,1796.0,4809741056.0
109.0,WALKING,107.0,15.318627,104.0,1.088,420.0,vivosmart4APAC,1326.87,997.0,136.0,7.394262299999999,158.0,2.254,1092_mrw_activities_8,1587360275.0,28800.0,1076.0,4812793743.0
129.0,WALKING,120.0,22.104332,110.0,0.754,421.0,vivosmart4APAC,677.47,1303.0,165.0,8.106356,208.0,2.056,1092_mrw_activities_8,1587475035.0,28800.0,1022.0,4815926940.0
154.0,WALKING,108.0,23.640663,98.0,0.705,426.0,vivosmart4APAC,689.61,890.0,162.0,7.93273,176.0,2.101,1092_mrw_activities_8,1587866207.0,28800.0,2108.0,4838444287.0
229.0,WALKING,127.0,16.972166,102.0,0.982,503.0,vivosmart4APAC,1579.4,696.0,143.0,4.1305246,246.0,4.035,1092_mrw_activities_8,1588377908.0,28800.0,1840.0,4872095165.0
123.0,WALKING,136.0,15.29052,106.0,1.09,503.0,vivosmart4APAC,1398.29,739.0,138.0,3.8034383999999997,246.0,4.382,1092_mrw_activities_8,1588392171.0,28800.0,2426.0,4872095300.0
235.0,WALKING,128.0,12.130034,118.0,1.374,503.0,vivosmart4APAC,2028.72,1219.0,162.0,4.397537000000001,240.0,3.79,1092_mrw_activities_8,1588470202.0,28800.0,236.0,4872331704.0
10.0,WALKING,108.0,5.7431655,146.0,2.9019999999999997,503.0,vivosmart4APAC,295.1,898.0,121.0,12.192148,116.0,1.367,1092_mrw_activities_8,1588478996.0,28800.0,96.0,4872399646.0
38.0,WALKING,142.0,1041.6666,94.0,0.016,503.0,vivosmart4APAC,18.22,978.0,90.0,6.2282014000000006,150.0,2.676,1092_mrw_activities_8,1588486612.0,28800.0,1242.0,4872709010.0
78.0,WALKING,103.0,16.056520000000003,110.0,1.038,503.0,vivosmart4APAC,1022.75,1608.0,113.0,8.242664,138.0,2.022,1092_mrw_activities_8,1588487870.0,28800.0,1080.0,4872709413.0
66.0,WALKING,65.0,14.220704000000001,110.0,1.172,510.0,vivosmart4APAC,953.8,1283.0,119.0,7.802747,132.0,2.136,1092_mrw_activities_8,1589075179.0,28800.0,1030.0,4909004134.0
120.0,WALKING,99.0,15.873016,108.0,1.05,510.0,vivosmart4APAC,834.87,1476.0,168.0,8.730574,118.0,1.909,1092_mrw_activities_8,1589076544.0,28800.0,1070.0,4909044856.0
67.0,RUNNING,105.0,15.179112,110.0,1.0979999999999999,516.0,vivosmart4APAC,877.17,101.0,122.0,6.855889299999999,160.0,2.431,1092_mrw_activities_8,1589179221.0,28800.0,1178.0,4942715122.0
72.0,WALKING,136.0,34.293552000000005,110.0,0.486,516.0,vivosmart4APAC,471.36,1157.0,121.0,7.6417546000000005,158.0,2.181,1092_mrw_activities_8,1589341713.0,28800.0,1138.0,4942715323.0
79.0,WALKING,106.0,21.588947,104.0,0.772,516.0,vivosmart4APAC,732.15,985.0,114.0,7.531255000000001,224.0,2.213,1092_mrw_activities_8,1589602098.0,28800.0,940.0,4942715480.0
96.0,WALKING,83.0,18.076645000000003,98.0,0.922,516.0,vivosmart4APAC,749.94,813.0,153.0,8.230453,148.0,2.025,1092_mrw_activities_8,1589604619.0,28800.0,764.0,4942715692.0
103.0,WALKING,96.0,25.025024,98.0,0.6659999999999999,516.0,vivosmart4APAC,559.13,795.0,140.0,3.7852978999999998,196.0,4.4030000000000005,1092_mrw_activities_8,1589620823.0,28800.0,1776.0,4942715842.0
140.0,WALKING,117.0,18.539118,100.0,0.899,516.0,vivosmart4APAC,1306.78,799.0,127.0,9.172628,128.0,1.817,1092_mrw_activities_8,1589624758.0,28800.0,1118.0,4942715988.0
67.0,WALKING,117.0,17.88269,100.0,0.932,523.0,vivosmart4APAC,801.83,970.0,116.0,4.571219999999999,158.0,3.6460000000000004,1092_mrw_activities_8,1590060928.0,28800.0,1152.0,4978833638.0
93.0,WALKING,105.0,13.495276,118.0,1.235,524.0,vivosmart4APAC,879.47,948.0,161.0,4.3641442999999995,198.0,3.819,1092_mrw_activities_8,1590284317.0,28800.0,1344.0,4979488494.0
68.0,WALKING,102.0,18.621973,98.0,0.895,524.0,vivosmart4APAC,929.37,813.0,102.0,7.404116999999999,160.0,2.251,1092_mrw_activities_8,1590289062.0,28800.0,1220.0,4979488625.0
62.0,WALKING,130.0,12.909889,100.0,1.291,524.0,vivosmart4APAC,922.74,839.0,118.0,4.2713137,216.0,3.9019999999999997,1092_mrw_activities_8,1590291549.0,28800.0,1494.0,4979488693.0
79.0,WALKING,91.0,14.505366,102.0,1.149,524.0,vivosmart4APAC,1236.61,1454.0,112.0,9.879471,110.0,1.6869999999999998,1092_mrw_activities_8,1590296194.0,28800.0,912.0,4979805708.0
47.0,WALKING,99.0,17.636684,100.0,0.945,524.0,vivosmart4APAC,701.16,860.0,103.0,5.663155000000001,212.0,2.943,1092_mrw_activities_8,1590302508.0,28800.0,996.0,4979805909.0
78.0,WALKING,99.0,15.489467999999999,126.0,1.0759999999999998,531.0,vivosmart4APAC,727.53,712.0,127.0,6.8842077,126.0,2.421,1092_mrw_activities_8,1590812288.0,28800.0,1740.0,5015167888.0
81.0,WALKING,91.0,30.750307,112.0,0.542,531.0,vivosmart4APAC,568.31,1037.0,117.0,7.555152400000001,232.0,2.206,1092_mrw_activities_8,1590830732.0,28800.0,1212.0,5015168021.0
62.0,WALKING,109.0,44.68275,106.0,0.373,531.0,vivosmart4APAC,343.42,714.0,114.0,10.568589999999999,122.0,1.577,1092_mrw_activities_8,1590879665.0,28800.0,1518.0,5015168142.0
79.0,WALKING,96.0,62.893080000000005,108.0,0.265,531.0,vivosmart4APAC,277.02,1076.0,117.0,7.541477700000001,128.0,2.21,1092_mrw_activities_8,1590887140.0,28800.0,1216.0,5015239089.0
66.0,WALKING,96.0,65.104164,116.0,0.256,531.0,vivosmart4APAC,215.42,742.0,116.0,7.9289565,158.0,2.102,1092_mrw_activities_8,1590914923.0,28800.0,988.0,5016403335.0
77.0,WALKING,99.0,146.19884,110.0,0.114,425.0,vivosmart4APAC,110.23,676.0,112.0,13.144059,140.0,1.268,1092_mrw_activities_9,1587012950.0,28800.0,536.0,4836024319.0
59.0,WALKING,99.0,219.29825,96.0,0.076,511.0,vivosmart4APAC,56.08,1049.0,109.0,9.347542,162.0,1.7830000000000001,1092_mrw_activities_9,1589109249.0,28800.0,1368.0,4916600662.0
73.0,WALKING,99.0,39.77725,106.0,0.419,511.0,vivosmart4APAC,388.91,920.0,114.0,9.6955595,140.0,1.719,1092_mrw_activities_9,1589110325.0,28800.0,1044.0,4916601316.0
57.0,WALKING,98.0,21.987686,112.0,0.758,511.0,vivosmart4APAC,551.14,1047.0,118.0,7.092199000000001,170.0,2.35,1092_mrw_activities_9,1589155665.0,28800.0,1784.0,4916601775.0
104.0,WALKING,102.0,14.543339000000001,122.0,1.146,513.0,vivosmart4APAC,1311.28,841.0,119.0,7.005745,180.0,2.379,1092_mrw_activities_9,1589329148.0,28800.0,184.0,4925155444.0
10.0,WALKING,99.0,12.88992,154.0,1.2930000000000001,513.0,vivosmart4APAC,129.75,967.0,114.0,7.8802204,158.0,2.115,1092_mrw_activities_9,1589366284.0,28800.0,1304.0,4925155781.0
91.0,WALKING,106.0,46.425259999999994,112.0,0.359,513.0,vivosmart4APAC,455.85,735.0,113.0,7.648769000000001,128.0,2.1790000000000003,1092_mrw_activities_9,1589370647.0,28800.0,2900.0,4925156075.0
171.0,WALKING,105.0,11.761938,120.0,1.4169999999999998,514.0,vivosmart4APAC,2450.56,928.0,122.0,14.184398000000002,120.0,1.175,1092_mrw_activities_9,1589414869.0,28800.0,462.0,4930832976.0
44.0,WALKING,114.0,13.206551000000001,110.0,1.262,,vivosmart4APAC,772.26,611.0,124.0,10.436235,122.0,1.597,1101_mr_activities_1,1636536673.0,28800.0,1036.0,7796417034.0
49.0,WALKING,107.0,19.63094,112.0,0.8490000000000001,,vivosmart4APAC,603.43,710.0,116.0,8.799717999999999,148.0,1.8940000000000001,1101_mr_activities_1,1636539027.0,28800.0,926.0,7796417227.0
39.0,WALKING,103.0,15.918497,108.0,1.047,,vivosmart4APAC,645.98,617.0,134.0,5.2312199999999995,218.0,3.1860000000000004,1101_mr_activities_1,1637207103.0,28800.0,1042.0,7895258969.0
58.0,WALKING,107.0,17.024174,110.0,0.9790000000000001,,vivosmart4APAC,834.09,852.0,137.0,4.876146,234.0,3.418,1101_mr_activities_1,1637207757.0,28800.0,1208.0,7895259246.0
82.0,WALKING,123.0,13.354701,110.0,1.248,,vivosmart4APAC,782.16,626.0,133.0,10.250103,124.0,1.626,1101_mr_activities_10,1635234601.0,28800.0,1074.0,7729984782.0
60.0,WALKING,97.0,17.111568,110.0,0.9740000000000001,,vivosmart4APAC,700.91,719.0,111.0,9.529255000000001,124.0,1.749,1101_mr_activities_10,1637115157.0,28800.0,992.0,7854463246.0
80.0,WALKING,115.0,17.787264,112.0,0.937,,vivosmart4APAC,698.63,745.0,131.0,9.018759,128.0,1.848,1101_mr_activities_10,1637286161.0,28800.0,986.0,7854463462.0
3.0,RUNNING,,23.277468,112.0,0.716,,vivosmart4APAC,82.49,115.0,,11.178180000000001,118.0,1.4909999999999999,1101_mr_activities_11,1636104424.0,28800.0,144.0,7774409124.0
89.0,WALKING,123.0,17.959770000000002,112.0,0.9279999999999999,,vivosmart4APAC,765.0,824.0,140.0,10.528533,124.0,1.5830000000000002,1101_mr_activities_14,1635415709.0,28800.0,1112.0,7729597285.0
93.0,WALKING,131.0,24.260069,104.0,0.687,,vivosmart4APAC,472.9,687.0,142.0,10.871929,120.0,1.5330000000000001,1101_mr_activities_14,1636165080.0,28800.0,876.0,7795189459.0
69.0,WALKING,119.0,17.99856,108.0,0.9259999999999999,,vivosmart4APAC,623.73,673.0,134.0,11.361053,114.0,1.4669999999999999,1101_mr_activities_14,1636253000.0,28800.0,918.0,7795189573.0
72.0,WALKING,111.0,17.199863,104.0,0.9690000000000001,,vivosmart4APAC,918.79,948.0,130.0,9.534706,138.0,1.7480000000000002,1101_mr_activities_14,1636550468.0,28800.0,1348.0,7800522937.0
2.0,INDOOR_CARDIO,124.0,,,,,vivosmart4APAC,,24.0,126.0,,,,1101_mr_activities_14,1637342845.0,28800.0,,7846876851.0
98.0,WALKING,137.0,17.024174,110.0,0.9790000000000001,,vivosmart4APAC,639.32,652.0,149.0,11.088933,118.0,1.5030000000000001,1101_mr_activities_14,1637387766.0,28800.0,918.0,7846877219.0
100.0,WALKING,123.0,77.51938,106.0,0.215,,vivosmart4APAC,176.32,820.0,156.0,8.296000999999999,158.0,2.009,1101_mr_activities_14,1637812039.0,28800.0,650.0,7870453043.0
101.0,WALKING,133.0,18.416206,106.0,0.905,,vivosmart4APAC,640.12,707.0,147.0,11.148272,118.0,1.495,1101_mr_activities_14,1637821499.0,28800.0,916.0,7870453298.0
67.0,WALKING,117.0,14.961101999999999,106.0,1.114,,vivosmart4APAC,796.91,715.0,141.0,7.143878,180.0,2.333,1101_mr_activities_14,1637931855.0,28800.0,1072.0,7876099263.0
122.0,WALKING,124.0,20.226538,104.0,0.8240000000000001,,vivosmart4APAC,910.8,1105.0,148.0,11.384335499999999,116.0,1.464,1101_mr_activities_14,1637982344.0,28800.0,1458.0,7878644558.0
127.0,WALKING,137.0,17.488632,104.0,0.953,,vivosmart4APAC,824.94,866.0,164.0,11.663167,112.0,1.429,1101_mr_activities_14,1638323871.0,28800.0,1188.0,7897391100.0
79.0,WALKING,120.0,15.001501000000001,116.0,1.111,,vivosmart4APAC,878.06,790.0,139.0,8.118201,162.0,2.053,1101_mr_activities_14,1638372133.0,28800.0,1240.0,7901951936.0
82.0,WALKING,109.0,14.894252,134.0,1.119,,vivosmart4APAC,1345.02,1202.0,130.0,4.037468,250.0,4.128,1101_mr_activities_2,1635419377.0,28800.0,1754.0,7733053764.0
59.0,WALKING,117.0,14.100394,118.0,1.182,,vivosmart4APAC,989.1,836.0,128.0,10.218679,128.0,1.631,1101_mr_activities_2,1635934806.0,28800.0,1398.0,7784933488.0
,WALKING,,,,,,vivosmart4APAC,,1024.0,,,,,1101_mr_activities_3,1634046137.0,28800.0,10.0,7648426789.0
66.0,WALKING,105.0,21.8436,104.0,0.763,,vivosmart4APAC,535.77,702.0,119.0,10.442774,116.0,1.5959999999999999,1101_mr_activities_3,1634295139.0,28800.0,872.0,7664124910.0
101.0,WALKING,117.0,11.284134,122.0,1.4769999999999999,,vivosmart4APAC,1209.66,819.0,127.0,3.2931568999999996,236.0,5.061,1101_mr_activities_3,1635252422.0,28800.0,1500.0,7719147872.0
104.0,WALKING,106.0,16.954898999999997,106.0,0.983,,vivosmart4APAC,1105.32,1124.0,120.0,7.676953999999999,158.0,2.171,1101_mr_activities_3,1635514998.0,28800.0,1452.0,7734888127.0
73.0,WALKING,103.0,27.50275,94.0,0.606,,vivosmart4APAC,478.32,789.0,121.0,10.144045,120.0,1.643,1101_mr_activities_3,1635574675.0,28800.0,904.0,7739241585.0
92.0,WALKING,111.0,21.070375,98.0,0.7909999999999999,,vivosmart4APAC,676.69,855.0,131.0,7.9101405,154.0,2.1069999999999998,1101_mr_activities_3,1635660743.0,28800.0,1132.0,7743941080.0
156.0,WALKING,105.0,24.473812,100.0,0.6809999999999999,,vivosmart4APAC,1248.57,1833.0,121.0,8.804367,118.0,1.893,1101_mr_activities_3,1635666649.0,28800.0,2012.0,7743941973.0
77.0,WALKING,106.0,22.075056,100.0,0.755,,vivosmart4APAC,611.63,809.0,125.0,6.150061599999999,186.0,2.71,1101_mr_activities_3,1636267445.0,28800.0,934.0,7781426901.0
82.0,WALKING,102.0,22.401434,100.0,0.7440000000000001,,vivosmart4APAC,709.46,953.0,118.0,7.5075073,158.0,2.22,1101_mr_activities_3,1636351745.0,28800.0,1080.0,7785516289.0
80.0,WALKING,110.0,53.763443,102.0,0.31,,vivosmart4APAC,225.95,727.0,123.0,6.693440400000001,184.0,2.49,1101_mr_activities_3,1636456784.0,28800.0,688.0,7791346943.0
110.0,WALKING,109.0,19.135094,102.0,0.871,,vivosmart4APAC,1024.99,1176.0,124.0,9.891197,116.0,1.685,1101_mr_activities_3,1636459765.0,28800.0,1600.0,7791719380.0
72.0,WALKING,98.0,22.552998000000002,112.0,0.7390000000000001,,vivosmart4APAC,603.1,816.0,115.0,8.455945,128.0,1.9709999999999999,1101_mr_activities_3,1637645218.0,28800.0,1006.0,7860993375.0
87.0,WALKING,107.0,20.859407,108.0,0.799,,vivosmart4APAC,732.9,917.0,124.0,9.44287,122.0,1.765,1101_mr_activities_3,1637917618.0,28800.0,1068.0,7875628968.0
99.0,WALKING,118.0,15.276504500000001,102.0,1.091,,vivosmart4APAC,992.36,909.0,146.0,7.6804914,200.0,2.17,1101_mr_activities_4,1634260768.0,28800.0,1386.0,7672524739.0
88.0,WALKING,106.0,16.18123,104.0,1.03,,vivosmart4APAC,1110.19,1077.0,122.0,4.1593876000000005,222.0,4.007,1101_mr_activities_4,1634519768.0,28800.0,1452.0,7676284299.0
78.0,WALKING,117.0,10.914647,118.0,1.527,,vivosmart4APAC,1144.18,749.0,131.0,3.4279447,232.0,4.862,1101_mr_activities_4,1635381757.0,28800.0,1238.0,7737517564.0
69.0,WALKING,105.0,13.970382999999998,114.0,1.193,,vivosmart4APAC,934.03,782.0,125.0,3.8270185,228.0,4.355,1101_mr_activities_4,1635411877.0,28800.0,1000.0,7737517641.0
95.0,WALKING,119.0,11.947432000000001,122.0,1.395,,vivosmart4APAC,1156.33,828.0,153.0,3.7647767,228.0,4.427,1101_mr_activities_4,1635470173.0,28800.0,1134.0,7737517736.0
92.0,WALKING,114.0,16.7336,102.0,0.996,,vivosmart4APAC,962.17,966.0,129.0,7.589556,156.0,2.1959999999999997,1101_mr_activities_4,1635904060.0,28800.0,1162.0,7764758347.0
44.0,WALKING,98.0,14.671361,100.0,1.136,,vivosmart4APAC,691.99,609.0,108.0,3.7656273999999996,232.0,4.426,1101_mr_activities_4,1635999010.0,28800.0,922.0,7764758523.0
65.0,WALKING,104.0,14.148273000000001,100.0,1.178,,vivosmart4APAC,958.47,813.0,117.0,7.517666999999999,156.0,2.217,1101_mr_activities_4,1636002388.0,28800.0,1220.0,7764758728.0
89.0,WALKING,111.0,11.73709,130.0,1.42,,vivosmart4APAC,1277.14,899.0,135.0,3.7310648,226.0,4.467,1101_mr_activities_4,1636074990.0,28800.0,1150.0,7786790984.0
139.0,WALKING,120.0,7.6698875,162.0,2.173,,vivosmart4APAC,2707.95,1246.0,136.0,3.4111062999999993,236.0,4.886,1101_mr_activities_4,1636092876.0,28800.0,2100.0,7786791381.0
83.0,WALKING,109.0,14.6455765,110.0,1.138,,vivosmart4APAC,1049.39,922.0,130.0,3.9234147000000004,234.0,4.248,1101_mr_activities_4,1636341144.0,28800.0,1242.0,7786791657.0
96.0,WALKING,114.0,11.081561,132.0,1.504,,vivosmart4APAC,1540.18,1024.0,129.0,3.3253524,236.0,5.012,1101_mr_activities_4,1636939158.0,28800.0,1376.0,7835252065.0
55.0,WALKING,102.0,16.81803,100.0,0.991,,vivosmart4APAC,690.79,697.0,114.0,7.8173857,158.0,2.1319999999999997,1101_mr_activities_4,1636960524.0,28800.0,924.0,7835252237.0
57.0,WALKING,103.0,20.703934,98.0,0.805,,vivosmart4APAC,567.55,704.0,117.0,7.795447,156.0,2.138,1101_mr_activities_4,1636962288.0,28800.0,804.0,7835252383.0
108.0,WALKING,122.0,14.920919,108.0,1.117,,vivosmart4APAC,1032.34,924.0,157.0,4.1656256,220.0,4.001,1101_mr_activities_4,1637111350.0,28800.0,1302.0,7835252587.0
94.0,WALKING,115.0,10.649627,134.0,1.565,,vivosmart4APAC,1455.68,930.0,131.0,3.5673516000000003,232.0,4.672,1101_mr_activities_4,1637195340.0,28800.0,1304.0,7855173603.0
80.0,WALKING,110.0,13.175229999999999,112.0,1.265,,vivosmart4APAC,1164.24,920.0,125.0,2.9582298,244.0,5.6339999999999995,1101_mr_activities_4,1637226072.0,28800.0,1336.0,7855173743.0
65.0,WALKING,105.0,46.425259999999994,98.0,0.359,,vivosmart4APAC,241.46,673.0,120.0,7.4172974,156.0,2.247,1101_mr_activities_4,1637546101.0,28800.0,610.0,7859764299.0
64.0,WALKING,118.0,11.887779,114.0,1.402,,vivosmart4APAC,901.29,643.0,128.0,3.8651826000000002,226.0,4.312,1101_mr_activities_4,1637552667.0,28800.0,1006.0,7859764433.0
87.0,WALKING,108.0,11.133378,114.0,1.4969999999999999,,vivosmart4APAC,1690.89,1129.0,121.0,2.9224386000000004,232.0,5.702999999999999,1101_mr_activities_4,1637734334.0,28800.0,1772.0,7874253008.0
63.0,WALKING,105.0,9.88533,130.0,1.686,,vivosmart4APAC,1368.74,812.0,120.0,3.3717718,228.0,4.9430000000000005,1101_mr_activities_4,1637889392.0,28800.0,1174.0,7883153602.0
92.0,WALKING,120.0,9.81547,152.0,1.6980000000000002,,vivosmart4APAC,1360.0,801.0,135.0,2.8006496,248.0,5.9510000000000005,1101_mr_activities_4,1638256022.0,28800.0,1102.0,7899417699.0
81.0,WALKING,110.0,12.655025,112.0,1.317,,vivosmart4APAC,1273.91,967.0,128.0,3.845562,220.0,4.334,1101_mr_activities_4,1638328994.0,28800.0,1492.0,7899417963.0
43.0,WALKING,108.0,20.990765,106.0,0.794,,vivosmart4APAC,573.88,722.0,125.0,11.001101,120.0,1.515,1101_mr_activities_5,1635579540.0,28800.0,916.0,7740802505.0
58.0,WALKING,106.0,17.863522,118.0,0.9329999999999999,,vivosmart4APAC,837.82,897.0,115.0,8.271298,158.0,2.015,1101_mr_activities_5,1636178942.0,28800.0,1236.0,7777003977.0
47.0,WALKING,102.0,19.70055,108.0,0.846,,vivosmart4APAC,674.38,796.0,117.0,10.475592,122.0,1.591,1101_mr_activities_5,1636368818.0,28800.0,1064.0,7786514773.0
53.0,WALKING,115.0,15.346839000000001,120.0,1.0859999999999999,,vivosmart4APAC,791.48,728.0,128.0,10.150224,130.0,1.642,1101_mr_activities_5,1637907332.0,28800.0,1118.0,7878748486.0
71.0,WALKING,107.0,14.632717000000001,122.0,1.139,,vivosmart4APAC,1033.14,907.0,122.0,8.99928,128.0,1.8519999999999999,1101_mr_activities_6,1635489649.0,28800.0,1382.0,7734408127.0
4.0,RUNNING,,16.165535000000002,116.0,1.031,,vivosmart4APAC,101.35,98.0,,8.658009,124.0,1.925,1101_mr_activities_6,1636118840.0,28800.0,100.0,7772021340.0
43.0,WALKING,94.0,11.837121,112.0,1.4080000000000001,,vivosmart4APAC,862.49,612.0,115.0,9.780908,132.0,1.704,1101_mr_activities_6,1636287362.0,28800.0,1138.0,7782350818.0
57.0,WALKING,108.0,17.325018,108.0,0.9620000000000001,,vivosmart4APAC,703.34,731.0,119.0,8.926977,138.0,1.867,1101_mr_activities_6,1637149246.0,28800.0,1088.0,7832945242.0
47.0,WALKING,67.0,5555.555,198.0,0.003,,vivosmart4APAC,5.26,2015.0,86.0,6.3083525,198.0,2.642,1101_mr_activities_6,1637291035.0,28800.0,4.0,7840639003.0
42.0,WALKING,66.0,617.28394,126.0,0.027000000000000003,,vivosmart4APAC,47.2,1725.0,87.0,9.112447999999999,134.0,1.829,1101_mr_activities_6,1637293129.0,28800.0,54.0,7840681165.0
52.0,WALKING,97.0,18.274855,102.0,0.912,,vivosmart4APAC,748.11,820.0,128.0,6.96767,148.0,2.392,1101_mr_activities_6,1637324530.0,28800.0,1156.0,7842114747.0
58.0,WALKING,113.0,13.627691,120.0,1.2229999999999999,,vivosmart4APAC,820.42,670.0,123.0,9.689922,128.0,1.72,1101_mr_activities_6,1637471817.0,28800.0,1074.0,7854004066.0
41.0,WALKING,78.0,18.747656,108.0,0.889,,vivosmart4APAC,628.52,707.0,97.0,8.477449,148.0,1.966,1101_mr_activities_6,1638105331.0,28800.0,926.0,7887907576.0
65.0,WALKING,83.0,18.875048,106.0,0.883,,vivosmart4APAC,825.66,934.0,95.0,10.168802000000001,120.0,1.639,1101_mr_activities_7,1633929441.0,28800.0,1330.0,7638101070.0
95.0,WALKING,92.0,16.10306,100.0,1.035,,vivosmart4APAC,1464.53,1414.0,103.0,10.27538,124.0,1.6219999999999999,1101_mr_activities_7,1634544147.0,28800.0,2116.0,7676214745.0
65.0,WALKING,107.0,16.010246,114.0,1.041,,vivosmart4APAC,735.77,706.0,120.0,9.502089999999999,130.0,1.754,1101_mr_activities_7,1635991726.0,28800.0,1156.0,7764254746.0
94.0,WALKING,113.0,15.842838,114.0,1.052,,vivosmart4APAC,972.03,924.0,123.0,9.469697,128.0,1.76,1101_mr_activities_7,1636541348.0,28800.0,1292.0,7796566443.0
63.0,WALKING,102.0,15.561781,110.0,1.071,,vivosmart4APAC,807.14,753.0,118.0,4.8211355000000005,220.0,3.457,1101_mr_activities_7,1637843544.0,28800.0,1136.0,7871491273.0
68.0,WALKING,102.0,21.673170000000002,106.0,0.769,,vivosmart4APAC,836.83,1087.0,114.0,10.808474,122.0,1.5419999999999998,1101_mr_activities_8,1634470078.0,28800.0,1500.0,7672256656.0
106.0,RUNNING,120.0,6.5410775999999995,164.0,2.548,,vivosmart4APAC,2313.02,907.0,183.0,4.9677095,176.0,3.355,1101_mr_activities_8,1635338495.0,28800.0,2452.0,7727475509.0
22.0,RUNNING,167.0,6.054002,168.0,2.753,,vivosmart4APAC,330.64,120.0,187.0,5.405989599999999,172.0,3.083,1101_mr_activities_8,1635339922.0,28800.0,334.0,7727475556.0
4.0,RUNNING,81.0,49.751244,216.0,0.335,,vivosmart4APAC,33.5,100.0,90.0,5.7136325999999995,230.0,2.917,1101_mr_activities_8,1636122066.0,28800.0,52.0,7774086867.0
8.0,RUNNING,107.0,42.625744,134.0,0.391,,vivosmart4APAC,37.61,96.0,117.0,9.358038,140.0,1.781,1101_mr_activities_8,1636149869.0,28800.0,206.0,7774086890.0
31.0,WALKING,96.0,21.786493,100.0,0.765,,vivosmart4APAC,470.41,615.0,106.0,12.456403,106.0,1.338,1101_mr_activities_8,1636293915.0,28800.0,974.0,7783257337.0
51.0,RUNNING,164.0,7.2590012999999995,166.0,2.296,,vivosmart4APAC,656.54,285.0,184.0,6.425083,172.0,2.594,1101_mr_activities_8,1636547726.0,28800.0,792.0,7797344614.0
32.0,RUNNING,179.0,7.1684589999999995,168.0,2.325,,vivosmart4APAC,371.53,159.0,187.0,6.214268,172.0,2.682,1101_mr_activities_8,1636548783.0,28800.0,440.0,7797344691.0
27.0,RUNNING,167.0,6.122949,170.0,2.722,,vivosmart4APAC,402.26,147.0,178.0,5.084401000000001,174.0,3.278,1101_mr_activities_8,1636549396.0,28800.0,416.0,7797344771.0
55.0,WALKING,101.0,31.565657,104.0,0.528,,vivosmart4APAC,459.24,870.0,109.0,9.844458,132.0,1.693,1101_mr_activities_8,1637330308.0,28800.0,1334.0,7843392609.0
55.0,WALKING,87.0,35.76538,106.0,0.466,,vivosmart4APAC,471.91,1013.0,102.0,9.6227865,136.0,1.732,1101_mr_activities_8,1638000084.0,28800.0,1184.0,7881602983.0
45.0,WALKING,106.0,18.789928,106.0,0.887,,vivosmart4APAC,543.14,612.0,121.0,10.294421,126.0,1.619,1101_mr_activities_8,1638002743.0,28800.0,980.0,7881603349.0
190.0,RUNNING,150.0,6.605892,164.0,2.523,,vivosmart4APAC,2852.84,1130.0,194.0,4.8534265,174.0,3.4339999999999997,1101_mr_activities_8,1638191952.0,28800.0,3056.0,7889806567.0
69.0,WALKING,103.0,21.729682999999998,104.0,0.767,,vivosmart4APAC,492.15,641.0,114.0,4.4575195,206.0,3.739,1101_mr_activities_9,1634354051.0,28800.0,938.0,7673182303.0
25.0,RUNNING,134.0,13.290804000000001,182.0,1.254,,vivosmart4APAC,150.37,119.0,174.0,6.548788500000001,188.0,2.545,1101_mr_activities_9,1635327427.0,28800.0,212.0,7737800134.0
136.0,WALKING,109.0,16.291952,106.0,1.023,,vivosmart4APAC,1291.69,1262.0,118.0,9.827044500000001,118.0,1.696,1101_mr_activities_9,1635423828.0,28800.0,1950.0,7737800551.0
77.0,WALKING,101.0,28.153153999999997,104.0,0.5920000000000001,,vivosmart4APAC,462.56,781.0,115.0,10.575295,118.0,1.5759999999999998,1101_mr_activities_9,1636166782.0,28800.0,904.0,7798945715.0
,,,,,,,,,,,,,,1101_mr_activities_9,,,,
53.0,WALKING,99.0,18.018017,102.0,0.925,,vivosmart4APAC,829.62,897.0,113.0,10.548523,124.0,1.58,1102_mr_activities_11,1646482739.0,28800.0,1158.0,8418539728.0
25.0,WALKING,98.0,19.584803,104.0,0.851,,vivosmart4APAC,353.47,416.0,112.0,11.870845,110.0,1.4040000000000001,1102_mr_activities_11,1646483848.0,28800.0,498.0,8418539902.0
36.0,WALKING,109.0,22.675736999999998,102.0,0.735,,vivosmart4APAC,332.73,453.0,116.0,8.653513,152.0,1.926,1102_mr_activities_11,1646485767.0,28800.0,556.0,8418540074.0
42.0,WALKING,113.0,17.488632,112.0,0.953,,vivosmart4APAC,467.22,490.0,129.0,10.281718,128.0,1.621,1102_mr_activities_11,1646664435.0,28800.0,672.0,8418540224.0
61.0,WALKING,126.0,17.921146,112.0,0.93,,vivosmart4APAC,481.07,518.0,145.0,10.690613,122.0,1.5590000000000002,1102_mr_activities_11,1646667766.0,28800.0,708.0,8418540382.0
51.0,WALKING,116.0,23.775558,114.0,0.701,,vivosmart4APAC,358.39,511.0,137.0,7.0711355,186.0,2.3569999999999998,1102_mr_activities_11,1646723988.0,28800.0,650.0,8418823309.0
121.0,WALKING,128.0,20.032051,110.0,0.8320000000000001,,vivosmart4APAC,794.69,955.0,145.0,10.144045,130.0,1.643,1102_mr_activities_11,1646749866.0,28800.0,1202.0,8430082994.0
49.0,WALKING,125.0,22.552998000000002,108.0,0.7390000000000001,,vivosmart4APAC,292.11,395.0,135.0,10.822511,122.0,1.54,1102_mr_activities_11,1646752466.0,28800.0,470.0,8430083124.0
46.0,WALKING,125.0,20.275751,114.0,0.8220000000000001,,vivosmart4APAC,314.34,382.0,137.0,10.815488,122.0,1.541,1102_mr_activities_11,1646878361.0,28800.0,486.0,8430100006.0
69.0,WALKING,123.0,24.875622,106.0,0.67,,vivosmart4APAC,395.01,590.0,149.0,9.684292,136.0,1.7209999999999999,1102_mr_activities_11,1646881253.0,28800.0,742.0,8430198773.0
78.0,WALKING,118.0,19.584803,108.0,0.851,,vivosmart4APAC,696.85,819.0,133.0,5.495108999999999,208.0,3.033,1102_mr_activities_11,1646989620.0,28800.0,1108.0,8437064789.0
134.0,WALKING,141.0,17.921146,114.0,0.93,,vivosmart4APAC,792.15,852.0,155.0,10.064411999999999,130.0,1.656,1102_mr_activities_11,1647145884.0,28800.0,1162.0,8454428704.0
94.0,WALKING,142.0,16.4042,114.0,1.016,,vivosmart4APAC,591.91,582.0,151.0,10.759628999999999,122.0,1.5490000000000002,1102_mr_activities_11,1647146965.0,28800.0,856.0,8454428931.0
73.0,WALKING,131.0,17.253277,118.0,0.966,,vivosmart4APAC,517.76,536.0,148.0,8.82301,124.0,1.889,1102_mr_activities_11,1647184652.0,28800.0,758.0,8454429158.0
56.0,WALKING,123.0,18.539118,114.0,0.899,,vivosmart4APAC,422.07,469.0,138.0,7.691124,170.0,2.167,1102_mr_activities_11,1647244551.0,28800.0,672.0,8454429326.0
67.0,WALKING,123.0,23.44116,102.0,0.711,,vivosmart4APAC,394.37,555.0,136.0,11.337869,116.0,1.47,1102_mr_activities_11,1647344362.0,28800.0,652.0,8465491458.0
35.0,WALKING,104.0,25.839794,106.0,0.645,,vivosmart4APAC,316.27,491.0,122.0,5.7630243,208.0,2.892,1102_mr_activities_11,1647430707.0,28800.0,654.0,8467379759.0
25.0,WALKING,103.0,20.652622,102.0,0.807,,vivosmart4APAC,285.42,354.0,116.0,8.443093,156.0,1.974,1102_mr_activities_11,1647433237.0,28800.0,462.0,8467525620.0
72.0,WALKING,113.0,16.650015,108.0,1.001,,vivosmart4APAC,853.62,853.0,125.0,9.89707,132.0,1.6840000000000002,1102_mr_activities_11,1647501175.0,28800.0,1286.0,8472184050.0
35.0,WALKING,99.0,20.449898,118.0,0.815,,vivosmart4APAC,333.68,410.0,120.0,10.410161,126.0,1.601,1102_mr_activities_11,1647600207.0,28800.0,516.0,8478469483.0
47.0,WALKING,120.0,18.497965,108.0,0.9009999999999999,,vivosmart4APAC,385.75,428.0,127.0,11.008366,120.0,1.514,1102_mr_activities_11,1647660601.0,28800.0,542.0,8482921660.0
68.0,WALKING,123.0,21.588947,106.0,0.772,,vivosmart4APAC,451.04,584.0,138.0,10.725010000000001,122.0,1.554,1102_mr_activities_11,1647666417.0,28800.0,784.0,8482921836.0
37.0,WALKING,114.0,28.058360999999998,106.0,0.594,,vivosmart4APAC,227.77,383.0,129.0,10.1874485,126.0,1.636,1102_mr_activities_11,1648172818.0,28800.0,404.0,8547085950.0
48.0,WALKING,125.0,26.795284000000002,110.0,0.622,,vivosmart4APAC,238.07,383.0,140.0,10.957704,120.0,1.521,1102_mr_activities_11,1648190474.0,28800.0,428.0,8547086488.0
56.0,WALKING,120.0,16.355904000000002,114.0,1.0190000000000001,,vivosmart4APAC,556.52,546.0,132.0,4.7510449999999995,232.0,3.508,1102_mr_activities_11,1648216764.0,28800.0,798.0,8547087004.0
31.0,WALKING,110.0,20.78138,106.0,0.802,,vivosmart4APAC,303.58,378.0,122.0,9.426847,138.0,1.768,1102_mr_activities_11,1648219002.0,28800.0,472.0,8547087379.0
60.0,WALKING,123.0,22.401434,102.0,0.7440000000000001,,vivosmart4APAC,362.57,487.0,130.0,11.74536,112.0,1.419,1102_mr_activities_11,1648517251.0,28800.0,584.0,8547087816.0
56.0,WALKING,119.0,20.859407,106.0,0.799,,vivosmart4APAC,407.13,510.0,135.0,11.185681,116.0,1.49,1102_mr_activities_11,1648518573.0,28800.0,564.0,8547088247.0
54.0,WALKING,122.0,23.877745,100.0,0.698,,vivosmart4APAC,329.25,472.0,142.0,11.337869,116.0,1.47,1102_mr_activities_11,1648519887.0,28800.0,574.0,8547088694.0
46.0,WALKING,116.0,22.95684,102.0,0.726,,vivosmart4APAC,310.69,428.0,129.0,11.534025,110.0,1.445,1102_mr_activities_11,1648558286.0,28800.0,464.0,8547089115.0
46.0,WALKING,112.0,18.811135999999998,106.0,0.8859999999999999,,vivosmart4APAC,494.84,558.0,123.0,10.907504,120.0,1.528,1102_mr_activities_11,1648643478.0,28800.0,742.0,8597725812.0
38.0,WALKING,107.0,24.801588,100.0,0.672,,vivosmart4APAC,326.77,486.0,122.0,12.437811,106.0,1.34,1102_mr_activities_11,1648649399.0,28800.0,544.0,8597726268.0
33.0,WALKING,101.0,131.2336,134.0,0.127,,vivosmart4APAC,54.26,428.0,110.0,8.3375025,158.0,1.999,1102_mr_activities_11,1648698618.0,28800.0,466.0,8597726627.0
33.0,WALKING,101.0,23.084026,104.0,0.722,,vivosmart4APAC,342.44,474.0,118.0,8.296000999999999,158.0,2.009,1102_mr_activities_11,1648722058.0,28800.0,504.0,8597727002.0
57.0,WALKING,110.0,19.607841,112.0,0.85,,vivosmart4APAC,602.32,709.0,123.0,10.288066,128.0,1.62,1102_mr_activities_11,1648774095.0,28800.0,830.0,8597727482.0
39.0,WALKING,110.0,23.084026,112.0,0.722,,vivosmart4APAC,333.48,462.0,119.0,9.326619,140.0,1.787,1102_mr_activities_11,1648960305.0,28800.0,608.0,8597727890.0
31.0,WALKING,108.0,53.763443,100.0,0.31,,vivosmart4APAC,110.29,356.0,119.0,8.8841505,148.0,1.876,1102_mr_activities_11,1648968946.0,28800.0,254.0,8597728244.0
42.0,WALKING,118.0,20.964361,102.0,0.795,,vivosmart4APAC,325.48,410.0,134.0,9.337069,112.0,1.785,1102_mr_activities_11,1648971712.0,28800.0,476.0,8597728597.0
50.0,WALKING,106.0,22.045856,104.0,0.7559999999999999,,vivosmart4APAC,536.68,710.0,119.0,10.829542,120.0,1.5390000000000001,1102_mr_activities_11,1648990622.0,28800.0,840.0,8597729100.0
56.0,WALKING,127.0,26.1233,100.0,0.638,,vivosmart4APAC,281.27,441.0,144.0,8.329169,158.0,2.001,1102_mr_activities_11,1649026028.0,28800.0,472.0,8597729431.0
73.0,WALKING,122.0,19.493177,106.0,0.855,,vivosmart4APAC,520.87,609.0,133.0,11.185681,118.0,1.49,1102_mr_activities_11,1649044244.0,28800.0,734.0,8597729817.0
51.0,WALKING,112.0,17.006802,104.0,0.98,,vivosmart4APAC,611.02,623.0,126.0,10.358400999999999,116.0,1.609,1102_mr_activities_11,1649050441.0,28800.0,834.0,8597730291.0
46.0,WALKING,121.0,18.684603,104.0,0.892,,vivosmart4APAC,367.33,412.0,128.0,11.862397,110.0,1.405,1102_mr_activities_11,1649051939.0,28800.0,526.0,8597730624.0
80.0,WALKING,124.0,22.104332,106.0,0.754,,vivosmart4APAC,493.67,655.0,136.0,11.598236,112.0,1.4369999999999998,1102_mr_activities_11,1649310979.0,28800.0,844.0,8597731081.0
33.0,WALKING,106.0,24.987507,104.0,0.667,,vivosmart4APAC,314.61,472.0,116.0,10.040161,130.0,1.66,1102_mr_activities_11,1650187996.0,28800.0,598.0,8669177716.0
45.0,WALKING,118.0,20.080322,104.0,0.83,,vivosmart4APAC,348.62,420.0,130.0,8.499065,154.0,1.9609999999999999,1102_mr_activities_11,1650191336.0,28800.0,524.0,8669178272.0
105.0,WALKING,130.0,19.11315,110.0,0.872,,vivosmart4APAC,676.65,776.0,142.0,8.667013,152.0,1.923,1102_mr_activities_11,1650197045.0,28800.0,1172.0,8669178904.0
34.0,WALKING,111.0,24.050024,106.0,0.693,,vivosmart4APAC,281.07,405.0,119.0,8.3542185,158.0,1.995,1102_mr_activities_11,1650277286.0,28800.0,466.0,8669179428.0
49.0,WALKING,127.0,16.972166,114.0,0.982,,vivosmart4APAC,383.85,391.0,138.0,9.337069,138.0,1.785,1102_mr_activities_11,1650414355.0,28800.0,566.0,8710887178.0
39.0,WALKING,115.0,23.212629999999997,102.0,0.718,,vivosmart4APAC,288.31,402.0,130.0,11.981788,110.0,1.391,1102_mr_activities_11,1650597742.0,28800.0,462.0,8710887685.0
41.0,WALKING,113.0,22.401434,104.0,0.7440000000000001,,vivosmart4APAC,340.42,458.0,122.0,8.5470085,154.0,1.95,1102_mr_activities_11,1650624738.0,28800.0,482.0,8710888142.0
40.0,WALKING,99.0,74.40475500000001,94.0,0.22399999999999998,,vivosmart4APAC,121.46,542.0,111.0,10.028078,130.0,1.662,1102_mr_activities_11,1650681288.0,28800.0,506.0,8710888625.0
65.0,WALKING,107.0,141.24294,98.0,0.11800000000000001,,vivosmart4APAC,86.13,732.0,125.0,8.392077,156.0,1.986,1102_mr_activities_11,1650686545.0,28800.0,448.0,8710889409.0
44.0,WALKING,118.0,17.730495,108.0,0.94,,vivosmart4APAC,406.76,433.0,130.0,10.455876,126.0,1.594,1102_mr_activities_11,1650791682.0,28800.0,556.0,8710890029.0
49.0,WALKING,115.0,17.397356,102.0,0.958,,vivosmart4APAC,514.02,536.0,125.0,8.903133,148.0,1.8719999999999999,1102_mr_activities_11,1650792962.0,28800.0,720.0,8710890521.0
56.0,WALKING,116.0,17.182129999999997,108.0,0.97,,vivosmart4APAC,582.15,600.0,129.0,11.353314,116.0,1.4680000000000002,1102_mr_activities_11,1650809054.0,28800.0,818.0,8710891034.0
43.0,WALKING,121.0,20.525451999999998,100.0,0.812,,vivosmart4APAC,313.36,386.0,133.0,8.564577,154.0,1.946,1102_mr_activities_11,1650810903.0,28800.0,486.0,8710891423.0
53.0,WALKING,123.0,18.175209,110.0,0.917,,vivosmart4APAC,417.73,456.0,139.0,10.064411999999999,130.0,1.656,1102_mr_activities_11,1650847823.0,28800.0,592.0,8710891882.0
60.0,WALKING,132.0,18.294914000000002,114.0,0.9109999999999999,,vivosmart4APAC,380.97,418.0,143.0,9.689922,136.0,1.72,1102_mr_activities_11,1651018549.0,28800.0,542.0,8741849099.0
47.0,WALKING,109.0,30.693678000000002,102.0,0.5429999999999999,,vivosmart4APAC,276.65,510.0,128.0,5.185646,206.0,3.214,1102_mr_activities_11,1651057192.0,28800.0,522.0,8741849476.0
52.0,WALKING,121.0,16.485329,114.0,1.011,,vivosmart4APAC,472.92,468.0,138.0,10.815488,122.0,1.541,1102_mr_activities_11,1651312393.0,28800.0,662.0,8741849833.0
64.0,WALKING,121.0,25.601639000000002,104.0,0.6509999999999999,,vivosmart4APAC,526.25,808.0,142.0,10.964912,120.0,1.52,1102_mr_activities_12,1646799194.0,28800.0,1324.0,8424383291.0
72.0,WALKING,115.0,25.641026,104.0,0.65,,vivosmart4APAC,716.15,1102.0,124.0,11.008366,120.0,1.514,1102_mr_activities_12,1651222025.0,28800.0,1662.0,8726487038.0
74.0,WALKING,121.0,16.4042,102.0,1.016,,vivosmart4APAC,1017.55,1002.0,130.0,11.446886,114.0,1.456,1102_mr_activities_12,1651223210.0,28800.0,1530.0,8726487222.0
56.0,WALKING,106.0,18.705574,110.0,0.8909999999999999,,vivosmart4APAC,642.07,721.0,119.0,10.319918,118.0,1.615,1102_mr_activities_13,1646968913.0,28800.0,862.0,8436101067.0
45.0,WALKING,100.0,12.616705,106.0,1.321,,vivosmart4APAC,804.82,609.0,110.0,10.416667,114.0,1.6,1102_mr_activities_13,1651114067.0,28800.0,1072.0,8724935631.0
69.0,WALKING,90.0,22.675736999999998,96.0,0.735,,vivosmart4APAC,889.92,1211.0,108.0,10.745755,108.0,1.551,1102_mr_activities_13,1651221984.0,28800.0,1618.0,8730456663.0
66.0,WALKING,96.0,28.686173999999998,96.0,0.581,,vivosmart4APAC,634.38,1091.0,111.0,11.446886,106.0,1.456,1102_mr_activities_13,1651223215.0,28800.0,1392.0,8730456851.0
65.0,WALKING,113.0,14.367816,118.0,1.16,,vivosmart4APAC,918.78,792.0,130.0,7.156147,170.0,2.329,1102_mr_activities_14,1647486520.0,28800.0,1138.0,8471648652.0
90.0,WALKING,131.0,14.684288,118.0,1.135,,vivosmart4APAC,909.92,802.0,144.0,9.182736,126.0,1.815,1102_mr_activities_14,1647518557.0,28800.0,1196.0,8473365337.0
52.0,WALKING,112.0,16.291952,116.0,1.023,,vivosmart4APAC,711.2,695.0,122.0,8.649022,130.0,1.9269999999999998,1102_mr_activities_14,1647777401.0,28800.0,946.0,8490957100.0
48.0,WALKING,102.0,21.729682999999998,110.0,0.767,,vivosmart4APAC,549.25,717.0,121.0,8.447372,136.0,1.973,1102_mr_activities_14,1647848869.0,28800.0,960.0,8495979673.0
61.0,WALKING,103.0,16.7336,110.0,0.996,,vivosmart4APAC,963.52,967.0,114.0,8.671522,126.0,1.922,1102_mr_activities_14,1647849800.0,28800.0,1332.0,8496054766.0
72.0,WALKING,122.0,15.857913,114.0,1.051,,vivosmart4APAC,828.45,788.0,134.0,9.147457000000001,136.0,1.8219999999999998,1102_mr_activities_14,1647857324.0,28800.0,1114.0,8496505767.0
60.0,WALKING,103.0,13.796909,120.0,1.208,,vivosmart4APAC,942.92,780.0,118.0,9.300594,126.0,1.7919999999999998,1102_mr_activities_14,1650510478.0,28800.0,1196.0,8677337014.0
62.0,WALKING,117.0,15.389351000000001,116.0,1.083,,vivosmart4APAC,851.66,786.0,129.0,9.617234,122.0,1.733,1102_mr_activities_14,1650529187.0,28800.0,1082.0,8678223133.0
53.0,WALKING,118.0,15.234612,116.0,1.094,,vivosmart4APAC,713.65,652.0,131.0,9.321403,126.0,1.788,1102_mr_activities_14,1651051430.0,28800.0,992.0,8714453638.0
130.0,WALKING,128.0,14.947682,108.0,1.115,,vivosmart4APAC,969.0,869.0,139.0,4.4658804000000005,212.0,3.7319999999999998,1102_mr_activities_17,1647687557.0,28800.0,1352.0,8488728259.0
21.0,RUNNING,124.0,17.599435999999997,174.0,0.9470000000000001,,vivosmart4APAC,134.91,142.0,140.0,4.7094283,212.0,3.5389999999999997,1102_mr_activities_17,1649063103.0,28800.0,230.0,8584896048.0
204.0,WALKING,112.0,12.540757000000001,108.0,1.329,,vivosmart4APAC,3356.95,2526.0,129.0,4.0899796,238.0,4.075,1102_mr_activities_2,1646708723.0,28800.0,3982.0,8423657034.0
160.0,WALKING,106.0,13.082155,106.0,1.274,,vivosmart4APAC,2725.43,2140.0,118.0,4.223686,234.0,3.946,1102_mr_activities_2,1646714760.0,28800.0,3314.0,8423657594.0
49.0,WALKING,99.0,19.091255,104.0,0.873,,vivosmart4APAC,566.68,649.0,112.0,7.243227,168.0,2.301,1102_mr_activities_2,1646725424.0,28800.0,798.0,8423657789.0
67.0,WALKING,108.0,14.245014000000001,104.0,1.17,,vivosmart4APAC,951.34,813.0,124.0,4.308859,218.0,3.8680000000000003,1102_mr_activities_2,1646800278.0,28800.0,1164.0,8425106093.0
51.0,WALKING,106.0,13.051422,102.0,1.2770000000000001,,vivosmart4APAC,787.91,617.0,121.0,4.145937,212.0,4.02,1102_mr_activities_2,1646902546.0,28800.0,1028.0,8432338627.0
102.0,WALKING,107.0,22.075056,98.0,0.755,,vivosmart4APAC,884.25,1171.0,127.0,8.744316,142.0,1.906,1102_mr_activities_2,1646903260.0,28800.0,1380.0,8432339058.0
66.0,RUNNING,137.0,6.8898997,144.0,2.419,,vivosmart4APAC,880.93,364.0,154.0,3.4399726000000004,214.0,4.845,1102_mr_activities_2,1646987190.0,28800.0,806.0,8441065774.0
107.0,RUNNING,164.0,8.443093,134.0,1.974,,vivosmart4APAC,1009.67,512.0,193.0,3.8384769999999997,222.0,4.342,1102_mr_activities_2,1646987614.0,28800.0,950.0,8441065870.0
56.0,WALKING,104.0,18.982534,114.0,0.878,,vivosmart4APAC,599.39,683.0,116.0,3.9541318,218.0,4.215,1102_mr_activities_2,1647081971.0,28800.0,746.0,8442989284.0
69.0,WALKING,103.0,14.854426,106.0,1.122,,vivosmart4APAC,1000.04,891.0,122.0,3.3882225,220.0,4.919,1102_mr_activities_2,1647083244.0,28800.0,1222.0,8442989733.0
150.0,WALKING,111.0,15.276504500000001,108.0,1.091,,vivosmart4APAC,1951.05,1788.0,126.0,3.2892572999999996,226.0,5.067,1102_mr_activities_2,1647249565.0,28800.0,2428.0,8455151655.0
62.0,WALKING,107.0,16.954898999999997,106.0,0.983,,vivosmart4APAC,707.94,720.0,123.0,6.747638,164.0,2.47,1102_mr_activities_2,1647327649.0,28800.0,886.0,8465486181.0
121.0,WALKING,115.0,17.507002,106.0,0.9520000000000001,,vivosmart4APAC,1111.08,1167.0,139.0,3.7004144,230.0,4.504,1102_mr_activities_2,1647404707.0,28800.0,1512.0,8466705144.0
64.0,WALKING,109.0,15.082954999999998,110.0,1.105,,vivosmart4APAC,817.62,740.0,119.0,3.8959017,232.0,4.2780000000000005,1102_mr_activities_2,1647418281.0,28800.0,1028.0,8466705321.0
77.0,WALKING,105.0,16.165535000000002,104.0,1.031,,vivosmart4APAC,980.16,951.0,117.0,4.105090000000001,220.0,4.06,1102_mr_activities_2,1647487784.0,28800.0,1256.0,8472573339.0
69.0,WALKING,100.0,12.655025,124.0,1.317,,vivosmart4APAC,1153.37,876.0,124.0,2.851928,246.0,5.843999999999999,1102_mr_activities_2,1647500858.0,28800.0,1122.0,8472573526.0
101.0,WALKING,106.0,20.032051,110.0,0.8320000000000001,,vivosmart4APAC,966.17,1161.0,122.0,3.4528,234.0,4.827,1102_mr_activities_2,1647583789.0,28800.0,1274.0,8478985461.0
179.0,WALKING,100.0,15.812776999999999,102.0,1.054,,vivosmart4APAC,2567.26,2436.0,113.0,3.9958441,226.0,4.171,1102_mr_activities_2,1647681044.0,28800.0,3314.0,8488139465.0
87.0,WALKING,111.0,17.711655,102.0,0.941,,vivosmart4APAC,858.86,913.0,125.0,8.771930000000001,130.0,1.9,1102_mr_activities_2,1647826430.0,28800.0,1164.0,8495521688.0
154.0,WALKING,103.0,14.556041,104.0,1.145,,vivosmart4APAC,2375.61,2075.0,116.0,4.2269,226.0,3.943,1102_mr_activities_2,1647919510.0,28800.0,2966.0,8502335084.0
73.0,WALKING,104.0,19.79414,102.0,0.8420000000000001,,vivosmart4APAC,766.49,911.0,118.0,4.355021499999999,214.0,3.827,1102_mr_activities_2,1647926101.0,28800.0,1126.0,8502335327.0
226.0,RUNNING,153.0,9.798159,132.0,1.7009999999999998,,vivosmart4APAC,2097.86,1233.0,193.0,3.4385529000000004,238.0,4.8469999999999995,1102_mr_activities_2,1648599293.0,28800.0,2120.0,8549686132.0
116.0,WALKING,118.0,16.616816,102.0,1.003,,vivosmart4APAC,994.52,992.0,133.0,4.5500045,208.0,3.6630000000000003,1102_mr_activities_2,1648614632.0,28800.0,1272.0,8551845434.0
68.0,WALKING,112.0,23.946362,100.0,0.696,,vivosmart4APAC,457.16,657.0,130.0,9.023643,112.0,1.847,1102_mr_activities_2,1648628495.0,28800.0,688.0,8551845724.0
165.0,WALKING,103.0,15.620118,102.0,1.067,,vivosmart4APAC,2381.17,2232.0,116.0,4.014130000000001,218.0,4.152,1102_mr_activities_2,1648966291.0,28800.0,3084.0,8571990432.0
96.0,RUNNING,128.0,9.611688000000001,128.0,1.734,,vivosmart4APAC,1119.0,645.0,148.0,4.001600700000001,216.0,4.165,1102_mr_activities_2,1649031245.0,28800.0,1144.0,8579906803.0
98.0,WALKING,110.0,19.20123,104.0,0.868,,vivosmart4APAC,962.59,1109.0,119.0,8.577801,144.0,1.943,1102_mr_activities_2,1649062171.0,28800.0,1318.0,8579907173.0
71.0,WALKING,112.0,14.907573000000001,106.0,1.1179999999999999,,vivosmart4APAC,848.71,759.0,123.0,3.734409,222.0,4.463,1102_mr_activities_2,1649063590.0,28800.0,1096.0,8579907465.0
101.0,RUNNING,127.0,10.731917,130.0,1.5530000000000002,,vivosmart4APAC,1072.16,690.0,180.0,3.4563806000000006,228.0,4.822,1102_mr_activities_2,1649231356.0,28800.0,1096.0,8589598720.0
163.0,WALKING,102.0,15.332720000000002,98.0,1.087,,vivosmart4APAC,2485.49,2286.0,119.0,4.697482,206.0,3.548,1102_mr_activities_2,1649237541.0,28800.0,3174.0,8589935363.0
185.0,RUNNING,163.0,8.169934,132.0,2.04,,vivosmart4APAC,1905.81,934.0,188.0,4.4420753,210.0,3.752,1102_mr_activities_2,1649666317.0,28800.0,1894.0,8619159576.0
79.0,WALKING,114.0,14.480163000000001,106.0,1.151,,vivosmart4APAC,892.07,775.0,135.0,3.9625932999999995,222.0,4.206,1102_mr_activities_2,1650427589.0,28800.0,1110.0,8672600382.0
55.0,WALKING,107.0,14.367816,110.0,1.16,,vivosmart4APAC,748.65,645.0,117.0,4.1305246,220.0,4.035,1102_mr_activities_2,1650439180.0,28800.0,862.0,8672600634.0
84.0,WALKING,108.0,15.001501000000001,106.0,1.111,,vivosmart4APAC,1116.49,1005.0,119.0,8.043757000000001,150.0,2.072,1102_mr_activities_2,1650511600.0,28800.0,1374.0,8682918494.0
71.0,WALKING,107.0,14.005602,106.0,1.19,,vivosmart4APAC,1051.77,884.0,123.0,4.1666665,254.0,4.0,1102_mr_activities_2,1650589898.0,28800.0,1296.0,8684526834.0
146.0,WALKING,101.0,14.367816,104.0,1.16,,vivosmart4APAC,2312.58,1994.0,116.0,3.8759690000000004,222.0,4.3,1102_mr_activities_2,1650619802.0,28800.0,2920.0,8684527414.0
89.0,WALKING,105.0,16.469038,104.0,1.012,,vivosmart4APAC,1178.75,1164.0,119.0,4.756469,194.0,3.5039999999999996,1102_mr_activities_2,1650793635.0,28800.0,1528.0,8700770553.0
83.0,WALKING,105.0,17.289074,102.0,0.9640000000000001,,vivosmart4APAC,1011.12,1049.0,113.0,4.541326000000001,210.0,3.67,1102_mr_activities_2,1650794899.0,28800.0,1354.0,8700770741.0
185.0,RUNNING,156.0,8.837045,128.0,1.886,,vivosmart4APAC,1940.43,1029.0,186.0,4.2944255,210.0,3.8810000000000002,1102_mr_activities_2,1650960185.0,28800.0,1996.0,8707980123.0
56.0,RUNNING,141.0,6.9647584,142.0,2.3930000000000002,,vivosmart4APAC,782.38,327.0,152.0,3.1812687000000004,238.0,5.239,1102_mr_activities_2,1651133483.0,28800.0,738.0,8722253960.0
129.0,RUNNING,161.0,9.274716999999999,126.0,1.797,,vivosmart4APAC,1131.37,630.0,191.0,3.591954,246.0,4.64,1102_mr_activities_2,1651133884.0,28800.0,1224.0,8722254264.0
85.0,WALKING,102.0,18.096272,102.0,0.9209999999999999,,vivosmart4APAC,1088.12,1182.0,115.0,9.122422,130.0,1.827,1102_mr_activities_2,1651305180.0,28800.0,1490.0,8737182708.0
71.0,RUNNING,134.0,7.596475,138.0,2.194,,vivosmart4APAC,910.15,415.0,172.0,3.9872410000000005,222.0,4.18,1102_mr_activities_2,1651563841.0,28800.0,856.0,8759286985.0
163.0,RUNNING,142.0,14.343086999999999,126.0,1.162,,vivosmart4APAC,1294.93,1115.0,186.0,4.2311926,212.0,3.9389999999999996,1102_mr_activities_2,1651564286.0,28800.0,1468.0,8759287430.0
61.0,WALKING,111.0,15.015015,120.0,1.11,,vivosmart4APAC,1031.38,929.0,126.0,6.813845599999999,192.0,2.4459999999999997,1102_mr_activities_3,1647248515.0,28800.0,1450.0,8465582985.0
46.0,WALKING,110.0,17.199863,114.0,0.9690000000000001,,vivosmart4APAC,685.16,707.0,125.0,7.306736999999999,180.0,2.281,1102_mr_activities_3,1647427867.0,28800.0,952.0,8472027166.0
54.0,WALKING,120.0,16.196955,120.0,1.0290000000000001,,vivosmart4APAC,717.4,697.0,138.0,8.753501,150.0,1.9040000000000001,1102_mr_activities_3,1648534001.0,28800.0,1016.0,8549890128.0
62.0,WALKING,100.0,16.056520000000003,110.0,1.038,,vivosmart4APAC,977.91,942.0,113.0,8.447372,144.0,1.973,1102_mr_activities_4,1647089032.0,28800.0,1346.0,8443554409.0
62.0,WALKING,83.0,13.774104000000001,110.0,1.21,,vivosmart4APAC,1135.34,938.0,92.0,8.271298,154.0,2.015,1102_mr_activities_4,1647131342.0,28800.0,1534.0,8446839425.0
65.0,WALKING,95.0,16.134237,108.0,1.033,,vivosmart4APAC,1081.0,1046.0,114.0,9.6955595,128.0,1.719,1102_mr_activities_4,1647148035.0,28800.0,1548.0,8454363457.0
59.0,WALKING,105.0,15.2207,114.0,1.095,,vivosmart4APAC,777.47,710.0,141.0,9.758001,124.0,1.7080000000000002,1102_mr_activities_4,1647156104.0,28800.0,986.0,8454363653.0
9.0,RUNNING,,17.507002,108.0,0.9520000000000001,,vivosmart4APAC,221.85,233.0,,9.107467999999999,122.0,1.83,1102_mr_activities_4,1647508136.0,28800.0,310.0,8480020396.0
10.0,RUNNING,,14.442519,106.0,1.1540000000000001,,vivosmart4APAC,238.54,207.0,,10.535188,114.0,1.5819999999999999,1102_mr_activities_4,1648632178.0,28800.0,306.0,8555242195.0
11.0,RUNNING,,10.787486999999999,122.0,1.545,,vivosmart4APAC,272.2,176.0,,8.653513,148.0,1.926,1102_mr_activities_4,1648650522.0,28800.0,356.0,8555242270.0
6.0,RUNNING,,14.736220000000001,118.0,1.131,,vivosmart4APAC,162.5,144.0,,9.523809,124.0,1.75,1102_mr_activities_4,1648651716.0,28800.0,194.0,8555242321.0
50.0,WALKING,94.0,15.738117,112.0,1.0590000000000002,,vivosmart4APAC,819.63,774.0,112.0,9.358038,130.0,1.781,1102_mr_activities_4,1650451500.0,28800.0,1074.0,8672713269.0
55.0,WALKING,103.0,14.455045000000002,114.0,1.153,,vivosmart4APAC,804.52,698.0,124.0,9.182736,126.0,1.815,1102_mr_activities_4,1651200819.0,28800.0,1132.0,8725385724.0
56.0,WALKING,105.0,14.619883999999999,118.0,1.14,,vivosmart4APAC,762.34,668.0,122.0,9.092563,128.0,1.8330000000000002,1102_mr_activities_4,1653618130.0,28800.0,1078.0,8900070557.0
78.0,WALKING,85.0,,,,,vivosmart4APAC,,1646.0,113.0,,,,1102_mr_activities_4,1653640997.0,28800.0,4.0,8901211387.0
140.0,WALKING,128.0,14.6455765,110.0,1.138,,vivosmart4APAC,818.41,719.0,138.0,9.167583,128.0,1.818,1102_mr_activities_7,1648795211.0,28800.0,1072.0,8561290350.0
17.0,RUNNING,117.0,27.593819,176.0,0.604,,vivosmart4APAC,60.9,101.0,126.0,6.728569500000001,184.0,2.477,1102_mr_activities_7,1649498892.0,28800.0,114.0,8606614688.0
122.0,WALKING,120.0,13.000521,112.0,1.2819999999999998,,vivosmart4APAC,995.48,777.0,137.0,8.1380205,128.0,2.048,1102_mr_activities_7,1649664462.0,28800.0,1290.0,8627605544.0
84.0,WALKING,112.0,16.291952,112.0,1.023,,vivosmart4APAC,673.74,659.0,127.0,7.467144,158.0,2.2319999999999998,1102_mr_activities_7,1650246738.0,28800.0,908.0,8659500082.0
86.0,WALKING,110.0,14.814815,112.0,1.125,,vivosmart4APAC,836.51,744.0,125.0,7.1746305999999995,158.0,2.323,1102_mr_activities_7,1650333708.0,28800.0,1080.0,8664920974.0
78.0,WALKING,106.0,27.367265999999997,108.0,0.609,,vivosmart4APAC,434.8,714.0,117.0,10.028078,126.0,1.662,1102_mr_activities_7,1650694418.0,28800.0,780.0,8689048191.0
172.0,WALKING,117.0,16.650015,106.0,1.001,,vivosmart4APAC,1180.0,1179.0,128.0,8.93655,118.0,1.865,1102_mr_activities_7,1650966460.0,28800.0,1578.0,8708356567.0
104.0,WALKING,124.0,16.650015,112.0,1.001,,vivosmart4APAC,737.65,737.0,146.0,10.243802,120.0,1.6269999999999998,1102_mr_activities_8,1647314675.0,28800.0,976.0,8501981942.0
70.0,WALKING,101.0,25.100403,116.0,0.664,,vivosmart4APAC,541.31,815.0,118.0,6.442469,182.0,2.5869999999999997,1102_mr_activities_8,1649218558.0,28800.0,1064.0,8596174252.0
51.0,WALKING,95.0,17.111568,100.0,0.9740000000000001,,vivosmart4APAC,727.5,747.0,109.0,11.008366,110.0,1.514,1102_mr_activities_8,1651319857.0,28800.0,1040.0,8758822690.0
,WALKING,93.0,,,,,vivosmart4APAC,,15.0,96.0,,,,1102_mr_activities_9,1648794546.0,28800.0,,8565575681.0
80.0,WALKING,126.0,15.752994000000001,118.0,1.058,,vivosmart4APAC,921.06,870.0,138.0,8.283631,158.0,2.012,1102_mr_activities_9,1651112198.0,28800.0,1542.0,8750119873.0
43.0,WALKING,93.0,15.782828,118.0,1.056,,vivosmart4APAC,765.42,725.0,114.0,9.077705,144.0,1.8359999999999999,1102_mrw_activities_1,1647612564.0,28800.0,1262.0,8479516322.0
46.0,WALKING,88.0,22.522522,118.0,0.74,,vivosmart4APAC,669.66,905.0,103.0,9.162543,144.0,1.819,1102_mrw_activities_1,1647767880.0,28800.0,1170.0,8489644367.0
19.0,STRENGTH_TRAINING,91.0,,,,,vivosmart4APAC,,401.0,104.0,,,,1102_mrw_activities_1,1647818945.0,28800.0,8.0,8494991204.0
25.0,STRENGTH_TRAINING,91.0,,,,,vivosmart4APAC,,541.0,108.0,,,,1102_mrw_activities_1,1647819475.0,28800.0,40.0,8494991363.0
18.0,STRENGTH_TRAINING,95.0,,,,,vivosmart4APAC,,341.0,121.0,,,,1102_mrw_activities_1,1647820172.0,28800.0,12.0,8494991497.0
111.0,INDOOR_CARDIO,139.0,8333.333,,0.002,,vivosmart4APAC,1.78,876.0,153.0,,,,1102_mrw_activities_1,1647820848.0,28800.0,1272.0,8494991726.0
11.0,STRENGTH_TRAINING,89.0,,,,,vivosmart4APAC,,242.0,113.0,,,,1102_mrw_activities_1,1647905994.0,28800.0,,8500700110.0
188.0,INDOOR_CARDIO,138.0,,,,,vivosmart4APAC,,1558.0,164.0,,,,1102_mrw_activities_1,1647906678.0,28800.0,2234.0,8500800514.0
43.0,STRENGTH_TRAINING,93.0,,,,,vivosmart4APAC,,865.0,124.0,,,,1102_mrw_activities_1,1647991793.0,28800.0,138.0,8506985308.0
101.0,STRENGTH_TRAINING,121.0,,,,,vivosmart4APAC,,1014.0,147.0,,,,1102_mrw_activities_1,1647992887.0,28800.0,18.0,8507042923.0
78.0,RUNNING,152.0,6.2468767,176.0,2.668,,vivosmart4APAC,1504.51,564.0,165.0,4.798925,192.0,3.4730000000000003,1102_mrw_activities_1,1647994091.0,28800.0,1604.0,8507081687.0
213.0,INDOOR_CARDIO,119.0,16666.666,,0.001,,vivosmart4APAC,2.66,2560.0,148.0,,,,1102_mrw_activities_1,1648683624.0,28800.0,940.0,8557695620.0
7.0,INDOOR_CARDIO,101.0,1.4209793,,11.729000000000001,,vivosmart4APAC,1269.1,108.0,105.0,,,,1102_mrw_activities_1,1649149159.0,28800.0,162.0,8584490112.0
808.0,INDOOR_CARDIO,122.0,15.028554999999999,,1.109,,vivosmart4APAC,10739.53,9684.0,200.0,,,,1102_mrw_activities_1,1649149366.0,28800.0,9618.0,8584496409.0
12.0,STRENGTH_TRAINING,89.0,,,,,vivosmart4APAC,,299.0,101.0,,,,1102_mrw_activities_1,1649201926.0,28800.0,4.0,8588329600.0
24.0,STRENGTH_TRAINING,98.0,,,,,vivosmart4APAC,,411.0,122.0,,,,1102_mrw_activities_1,1649202363.0,28800.0,84.0,8588330810.0
9.0,STRENGTH_TRAINING,93.0,,,,,vivosmart4APAC,,212.0,103.0,,,,1102_mrw_activities_1,1649202987.0,28800.0,,8588332644.0
194.0,INDOOR_CARDIO,135.0,,,,,vivosmart4APAC,,1775.0,167.0,,,,1102_mrw_activities_1,1649203422.0,28800.0,684.0,8588363037.0
13.0,STRENGTH_TRAINING,87.0,,,,,vivosmart4APAC,,301.0,98.0,,,,1102_mrw_activities_1,1649287286.0,28800.0,24.0,8594081697.0
84.0,STRENGTH_TRAINING,96.0,,,,,vivosmart4APAC,,1477.0,131.0,,,,1102_mrw_activities_1,1649287773.0,28800.0,18.0,8594084562.0
178.0,INDOOR_CARDIO,133.0,8333.333,,0.002,,vivosmart4APAC,3.42,1668.0,162.0,,,,1102_mrw_activities_1,1649289274.0,28800.0,748.0,8594085148.0
289.0,WALKING,101.0,17.488632,114.0,0.953,,vivosmart4APAC,4916.56,5158.0,116.0,7.666360000000001,140.0,2.174,1102_mrw_activities_1,1649581042.0,28800.0,8760.0,8612247680.0
187.0,INDOOR_CARDIO,126.0,,,,,vivosmart4APAC,,1841.0,179.0,,,,1102_mrw_activities_1,1649631021.0,28800.0,3456.0,8616522635.0
234.0,INDOOR_CARDIO,113.0,4.098025,,4.067,,vivosmart4APAC,14512.48,3568.0,168.0,,,,1102_mrw_activities_1,1649717524.0,28800.0,4974.0,8622286682.0
344.0,RUNNING,120.0,9.803921,148.0,1.7,,vivosmart4APAC,6194.04,3644.0,170.0,4.9617944000000005,188.0,3.359,1102_mrw_activities_1,1650454141.0,28800.0,7800.0,8673233827.0
327.0,RUNNING,132.0,7.4074073,158.0,2.25,,vivosmart4APAC,6769.15,3008.0,162.0,4.618084400000001,190.0,3.609,1102_mrw_activities_1,1650542168.0,28800.0,7524.0,8679390759.0
157.0,WALKING,87.0,17.059025,114.0,0.977,,vivosmart4APAC,2828.47,2895.0,107.0,4.2944255,236.0,3.8810000000000002,1102_mrw_activities_1,1650704221.0,28800.0,4692.0,8700804564.0
153.0,WALKING,87.0,22.192632999999997,116.0,0.7509999999999999,,vivosmart4APAC,2080.96,2772.0,95.0,5.13769,242.0,3.2439999999999998,1102_mrw_activities_1,1650791744.0,28800.0,4824.0,8700804916.0
182.0,RUNNING,140.0,6.855889299999999,160.0,2.431,,vivosmart4APAC,3526.56,1451.0,165.0,4.9677095,188.0,3.355,1102_mrw_activities_1,1650888932.0,28800.0,3870.0,8703258178.0
59.0,WALKING,72.0,,,,,vivosmart4APAC,,2241.0,93.0,,,,1102_mrw_activities_1,1650946885.0,28800.0,14.0,8709063055.0
64.0,WALKING,94.0,20.080322,112.0,0.83,,vivosmart4APAC,957.33,1154.0,112.0,7.8284016,168.0,2.129,1102_mrw_activities_1,1651066253.0,28800.0,1764.0,8716234523.0
33.0,WALKING,,18.518518,116.0,0.9,,vivosmart4APAC,719.94,800.0,,9.914734,132.0,1.681,1102_mrw_activities_1,1653190494.0,28800.0,1066.0,8875382331.0
125.0,WALKING,76.0,1111.1111,108.0,0.015,,vivosmart4APAC,52.33,3475.0,102.0,11.51013,112.0,1.4480000000000002,1102_mrw_activities_10,1648778103.0,28800.0,132.0,8562439923.0
44.0,WALKING,92.0,17.543860000000002,108.0,0.95,,vivosmart4APAC,735.11,774.0,106.0,11.238480000000001,116.0,1.483,1102_mrw_activities_10,1648884913.0,28800.0,1086.0,8566171625.0
43.0,WALKING,89.0,20.911753,108.0,0.797,,vivosmart4APAC,601.71,755.0,107.0,11.246064,116.0,1.482,1102_mrw_activities_10,1648984009.0,28800.0,960.0,8574517718.0
43.0,WALKING,98.0,16.6334,112.0,1.002,,vivosmart4APAC,694.84,694.0,107.0,10.893247,120.0,1.53,1102_mrw_activities_10,1650513760.0,28800.0,1010.0,8677430187.0
104.0,WALKING,107.0,18.115942,104.0,0.92,,vivosmart4APAC,1441.16,1567.0,117.0,9.611688000000001,136.0,1.734,1102_mrw_activities_10,1650543674.0,28800.0,2142.0,8679395182.0
55.0,WALKING,109.0,15.888147,106.0,1.0490000000000002,,vivosmart4APAC,735.66,701.0,128.0,7.8802204,158.0,2.115,1102_mrw_activities_2,1648529740.0,28800.0,1056.0,8544117127.0
77.0,WALKING,112.0,13.0310135,108.0,1.2790000000000001,,vivosmart4APAC,1205.54,943.0,122.0,9.980039999999999,124.0,1.67,1102_mrw_activities_2,1648530459.0,28800.0,1546.0,8544162890.0
75.0,WALKING,108.0,11.590171,118.0,1.4380000000000002,,vivosmart4APAC,1120.42,779.0,122.0,6.9589424,134.0,2.395,1102_mrw_activities_2,1648807772.0,28800.0,1290.0,8561920817.0
76.0,WALKING,104.0,14.269406,112.0,1.168,,vivosmart4APAC,1171.99,1003.0,115.0,8.047642,154.0,2.0709999999999997,1102_mrw_activities_2,1649305924.0,28800.0,1564.0,8594629006.0
88.0,WALKING,116.0,13.102725999999999,118.0,1.272,,vivosmart4APAC,1175.9,925.0,130.0,9.48047,126.0,1.758,1102_mrw_activities_2,1650622427.0,28800.0,1618.0,8684581301.0
102.0,WALKING,114.0,12.121212,122.0,1.375,,vivosmart4APAC,1598.19,1162.0,124.0,3.2552083,248.0,5.12,1102_mrw_activities_2,1650640649.0,28800.0,1902.0,8686175365.0
227.0,WALKING,111.0,11.215792,116.0,1.486,,vivosmart4APAC,3936.19,2649.0,131.0,4.157312999999999,218.0,4.0089999999999995,1102_mrw_activities_2,1650692002.0,28800.0,4706.0,8689025637.0
187.0,WALKING,114.0,11.999039999999999,120.0,1.389,,vivosmart4APAC,2893.02,2082.0,128.0,6.629541400000001,182.0,2.5140000000000002,1102_mrw_activities_2,1650778412.0,28800.0,3602.0,8695114171.0
102.0,RUNNING,132.0,6.632179300000001,144.0,2.513,,vivosmart4APAC,1796.02,715.0,181.0,4.100041,176.0,4.065,1102_mrw_activities_2,1650862307.0,28800.0,1670.0,8701424057.0
109.0,WALKING,133.0,13.020833,120.0,1.28,,vivosmart4APAC,1097.71,858.0,143.0,4.1469684,226.0,4.019,1102_mrw_activities_2,1650863297.0,28800.0,1330.0,8701471832.0
104.0,WALKING,117.0,14.788525,118.0,1.127,,vivosmart4APAC,1266.44,1124.0,130.0,6.5436463,186.0,2.5469999999999997,1102_mrw_activities_2,1650882725.0,28800.0,1702.0,8702680129.0
76.0,WALKING,118.0,12.456403,124.0,1.338,,vivosmart4APAC,1173.4,877.0,129.0,3.4069227999999994,250.0,4.8919999999999995,1102_mrw_activities_2,1650893385.0,28800.0,1314.0,8703573967.0
77.0,WALKING,115.0,13.397642000000001,120.0,1.244,,vivosmart4APAC,1013.68,815.0,129.0,8.153947,136.0,2.044,1102_mrw_activities_2,1650927648.0,28800.0,1362.0,8706493998.0
92.0,WALKING,108.0,11.261261,126.0,1.48,,vivosmart4APAC,1333.29,901.0,123.0,5.868545,188.0,2.84,1102_mrw_activities_2,1651186877.0,28800.0,1702.0,8724809030.0
182.0,WALKING,84.0,12.183236,120.0,1.368,,vivosmart4APAC,2716.6,1985.0,142.0,7.921419,156.0,2.104,1102_mrw_activities_2,1651302472.0,28800.0,3452.0,8731547650.0
166.0,WALKING,112.0,13.594345,116.0,1.226,,vivosmart4APAC,2368.21,1932.0,125.0,8.658009,142.0,1.925,1102_mrw_activities_2,1651495251.0,28800.0,3210.0,8746056628.0
70.0,WALKING,99.0,12.354830999999999,122.0,1.349,,vivosmart4APAC,1048.71,777.0,119.0,7.09824,166.0,2.3480000000000003,1102_mrw_activities_2,1651532654.0,28800.0,1342.0,8749182215.0
87.0,WALKING,111.0,12.761613,114.0,1.306,,vivosmart4APAC,1312.55,1005.0,122.0,7.3356805,168.0,2.272,1102_mrw_activities_2,1651572786.0,28800.0,1710.0,8751386323.0
93.0,WALKING,105.0,12.373175,122.0,1.347,,vivosmart4APAC,1374.72,1020.0,124.0,8.577801,134.0,1.943,1102_mrw_activities_2,1651619169.0,28800.0,1728.0,8755760722.0
11.0,RUNNING,121.0,10.288066,120.0,1.62,,vivosmart4APAC,179.66,111.0,124.0,9.453583,124.0,1.7630000000000001,1102_mrw_activities_2,1651659859.0,28800.0,224.0,8757936610.0
99.0,WALKING,102.0,12.263919999999999,124.0,1.359,,vivosmart4APAC,1402.65,1032.0,122.0,6.025548000000001,198.0,2.766,1102_mrw_activities_2,1651705405.0,28800.0,1808.0,8762109345.0
77.0,WALKING,112.0,12.960083000000001,114.0,1.286,,vivosmart4APAC,1136.33,884.0,124.0,8.941345,122.0,1.864,1102_mrw_activities_2,1653023591.0,28800.0,1452.0,8857339413.0
106.0,WALKING,112.0,13.539129,122.0,1.2309999999999999,,vivosmart4APAC,1351.17,1098.0,131.0,8.430282,134.0,1.9769999999999999,1102_mrw_activities_2,1653089290.0,28800.0,1786.0,8862647289.0
99.0,WALKING,119.0,9.780908,124.0,1.704,,vivosmart4APAC,1575.41,925.0,145.0,8.300134,132.0,2.008,1102_mrw_activities_2,1653107786.0,28800.0,1914.0,8862647425.0
133.0,WALKING,117.0,14.208582999999999,116.0,1.173,,vivosmart4APAC,1767.65,1507.0,138.0,8.283631,126.0,2.012,1102_mrw_activities_2,1653109351.0,28800.0,2394.0,8862720697.0
276.0,WALKING,98.0,11.103708000000001,120.0,1.501,,vivosmart4APAC,4286.82,2857.0,130.0,7.252683,126.0,2.298,1102_mrw_activities_2,1653193622.0,28800.0,5392.0,8869088797.0
102.0,WALKING,115.0,13.970382999999998,116.0,1.193,,vivosmart4APAC,1362.78,1142.0,124.0,9.1274185,140.0,1.8259999999999998,1102_mrw_activities_2,1653282817.0,28800.0,1730.0,8875927470.0
137.0,WALKING,119.0,12.27295,120.0,1.358,,vivosmart4APAC,1996.67,1470.0,129.0,8.375209,148.0,1.99,1102_mrw_activities_2,1653367695.0,28800.0,2598.0,8881847917.0
77.0,WALKING,104.0,12.309208,122.0,1.354,,vivosmart4APAC,1063.12,785.0,127.0,6.970584,174.0,2.391,1102_mrw_activities_2,1653434337.0,28800.0,1406.0,8887240422.0
77.0,WALKING,107.0,15.723270000000001,118.0,1.06,,vivosmart4APAC,900.34,850.0,126.0,8.37942,154.0,1.989,1102_mrw_activities_2,1653474155.0,28800.0,1260.0,8889274157.0
106.0,WALKING,126.0,10.636035000000001,122.0,1.567,,vivosmart4APAC,1543.53,985.0,161.0,8.5470085,140.0,1.95,1102_mrw_activities_2,1653541163.0,28800.0,1942.0,8893988865.0
75.0,WALKING,85.0,13.020833,122.0,1.28,,vivosmart4APAC,1060.41,828.0,102.0,8.941345,138.0,1.864,1102_mrw_activities_2,1653606509.0,28800.0,1390.0,8899607990.0
156.0,WALKING,117.0,11.646868,120.0,1.431,,vivosmart4APAC,2271.13,1587.0,125.0,9.611688000000001,130.0,1.734,1102_mrw_activities_2,1653626956.0,28800.0,2924.0,8900370956.0
325.0,HIKING,100.0,32.938076,36.9375,0.506,,fenix5+APAC,3022.05,5972.0,170.0,9.706853,228.0,1.7169999999999999,1102_mrw_activities_6,1648690469.0,28800.0,5012.0,8555620529.0
95.0,WALKING,91.0,15.001501000000001,86.203125,1.111,,fenix5+APAC,1586.76,1428.0,108.0,1.0108975,165.0,16.487000000000002,1102_mrw_activities_6,1649078803.0,28800.0,2318.0,8579493117.0
80.0,WALKING,104.0,14.220704000000001,93.375,1.172,,fenix5+APAC,1359.33,1160.0,141.0,4.789272,132.0,3.48,1102_mrw_activities_6,1649084046.0,28800.0,2052.0,8579873844.0
1076.0,HIKING,125.0,26.709402,48.5,0.624,,fenix5+APAC,7270.82,11652.0,176.0,5.223023,238.0,3.1910000000000003,1102_mrw_activities_6,1649553928.0,28800.0,13516.0,8610799196.0
54.0,WALKING,117.0,11.862397,120.0,1.405,,vivosmart4APAC,1129.89,804.0,131.0,8.341675,136.0,1.9980000000000002,1102_mrw_activities_8,1649574636.0,28800.0,1552.0,8611184846.0
73.0,WALKING,126.0,16.534391,120.0,1.008,,vivosmart4APAC,1127.5,1119.0,138.0,8.3668,156.0,1.992,1102_mrw_activities_8,1649576051.0,28800.0,1608.0,8611185199.0
64.0,WALKING,115.0,16.534391,116.0,1.008,,vivosmart4APAC,1021.56,1014.0,132.0,9.792401,132.0,1.702,1102_mrw_activities_8,1649758225.0,28800.0,1496.0,8624130917.0
83.0,WALKING,139.0,13.958682000000001,122.0,1.194,,vivosmart4APAC,1357.99,1138.0,153.0,4.7200985,244.0,3.531,1102_mrw_activities_8,1650613721.0,28800.0,1898.0,8684066028.0
46.0,WALKING,113.0,13.796909,124.0,1.208,,vivosmart4APAC,782.09,647.0,135.0,9.763717999999999,132.0,1.7069999999999999,1102_mrw_activities_8,1650678708.0,28800.0,1072.0,8688531990.0
69.0,WALKING,100.0,50.9684,94.0,0.327,,vivosmart4APAC,455.31,1393.0,113.0,8.275406,158.0,2.0140000000000002,1102_mrw_activities_8,1650787044.0,28800.0,1084.0,8695825571.0
40.0,WALKING,107.0,23.212629999999997,104.0,0.718,,vivosmart4APAC,500.02,696.0,114.0,8.653513,152.0,1.926,1102_mrw_activities_8,1650789912.0,28800.0,874.0,8695826071.0
,BREATHWORK,71.0,,,,,venu2Asia,,349.0,75.0,,,,1102_mrw_activities_9,1650908748.0,28800.0,,8705063545.0
73.0,WALKING,116.0,12.192148,114.0,1.367,429.0,vivosmart4APAC,1511.84,1105.0,143.0,10.515246000000001,126.0,1.585,1092_mr_activities_1,1588139100.0,28800.0,2102.0,4857355211.0
40.0,WALKING,107.0,14.184398000000002,128.0,1.175,530.0,vivosmart4APAC,815.01,693.0,116.0,4.355021499999999,226.0,3.827,1092_mr_activities_1,1590750936.0,28800.0,1052.0,5009926485.0
11.0,RUNNING,134.0,18.66368,112.0,0.893,416.0,vivosmart4APAC,93.63,104.0,147.0,11.155735,118.0,1.494,1092_mr_activities_10,1574247181.0,28800.0,120.0,4790657801.0
77.0,RUNNING,148.0,8.3375025,140.0,1.999,506.0,vivosmart4APAC,1184.42,592.0,159.0,6.56168,158.0,2.54,1092_mr_activities_10,1588502362.0,28800.0,1372.0,4889778138.0
38.0,WALKING,107.0,13.627691,106.0,1.2229999999999999,525.0,vivosmart4APAC,874.16,714.0,122.0,11.330161,118.0,1.4709999999999999,1092_mr_activities_11,1588032766.0,28800.0,1288.0,4986607187.0
47.0,WALKING,103.0,20.128823999999998,110.0,0.828,525.0,vivosmart4APAC,716.18,864.0,119.0,11.015641,126.0,1.5130000000000001,1092_mr_activities_11,1588043902.0,28800.0,1322.0,4986607685.0
72.0,WALKING,100.0,10.928962,144.0,1.525,525.0,vivosmart4APAC,2292.14,1503.0,115.0,4.5376167,222.0,3.673,1092_mr_activities_11,1588422153.0,28800.0,3508.0,4986608487.0
50.0,WALKING,96.0,43.066322,100.0,0.387,525.0,vivosmart4APAC,383.58,991.0,109.0,11.904762,114.0,1.4,1092_mr_activities_11,1588573086.0,28800.0,1296.0,4986609067.0
41.0,WALKING,100.0,13.672410000000001,136.0,1.219,525.0,vivosmart4APAC,1014.69,832.0,112.0,4.796163,210.0,3.475,1092_mr_activities_11,1588755062.0,28800.0,1782.0,4986609547.0
37.0,WALKING,97.0,13.164824,146.0,1.266,525.0,vivosmart4APAC,949.25,749.0,109.0,4.7254515,212.0,3.5269999999999997,1092_mr_activities_11,1588763481.0,28800.0,1472.0,4986609989.0
43.0,WALKING,109.0,34.72222,96.0,0.48,525.0,vivosmart4APAC,369.8,769.0,122.0,12.121212,120.0,1.375,1092_mr_activities_11,1588818605.0,28800.0,1096.0,4986610417.0
50.0,WALKING,104.0,22.31147,104.0,0.747,525.0,vivosmart4APAC,720.25,963.0,125.0,10.836585000000001,130.0,1.538,1092_mr_activities_11,1588901869.0,28800.0,1484.0,4986610933.0
50.0,WALKING,101.0,18.018017,106.0,0.925,525.0,vivosmart4APAC,904.77,978.0,114.0,5.038291,222.0,3.3080000000000003,1092_mr_activities_11,1589158385.0,28800.0,1422.0,4986611532.0
53.0,WALKING,96.0,18.294914000000002,104.0,0.9109999999999999,525.0,vivosmart4APAC,958.03,1051.0,108.0,11.384335499999999,138.0,1.464,1092_mr_activities_11,1589159527.0,28800.0,1462.0,4986612027.0
93.0,WALKING,97.0,20.056156,104.0,0.831,525.0,vivosmart4APAC,1581.64,1903.0,118.0,9.867771000000001,156.0,1.689,1092_mr_activities_11,1589242998.0,28800.0,2482.0,4986615348.0
44.0,WALKING,103.0,21.673170000000002,102.0,0.769,525.0,vivosmart4APAC,653.3,849.0,120.0,11.052166,118.0,1.508,1092_mr_activities_11,1589245632.0,28800.0,1170.0,4986615836.0
79.0,WALKING,98.0,17.825312,108.0,0.935,525.0,vivosmart4APAC,1394.56,1491.0,119.0,5.453752,210.0,3.056,1092_mr_activities_11,1589327221.0,28800.0,2346.0,4986616542.0
72.0,WALKING,93.0,21.729682999999998,106.0,0.767,525.0,vivosmart4APAC,1151.45,1501.0,115.0,9.944312,210.0,1.676,1092_mr_activities_11,1589328786.0,28800.0,1976.0,4986617279.0
144.0,WALKING,96.0,18.395878,106.0,0.9059999999999999,525.0,vivosmart4APAC,2668.71,2947.0,119.0,4.391743,218.0,3.795,1092_mr_activities_11,1589414659.0,28800.0,4302.0,4986620377.0
40.0,WALKING,98.0,20.885548,110.0,0.7979999999999999,525.0,vivosmart4APAC,643.79,806.0,114.0,5.112474400000001,220.0,3.26,1092_mr_activities_11,1589418062.0,28800.0,1018.0,4986620974.0
99.0,WALKING,97.0,15.165301000000001,110.0,1.099,525.0,vivosmart4APAC,2124.13,1932.0,113.0,4.9149709999999995,220.0,3.391,1092_mr_activities_11,1589500571.0,28800.0,3054.0,4986621861.0
84.0,WALKING,104.0,23.674242,112.0,0.7040000000000001,525.0,vivosmart4APAC,1014.78,1442.0,129.0,6.813845599999999,192.0,2.4459999999999997,1092_mr_activities_11,1589503671.0,28800.0,1978.0,4986622526.0
43.0,WALKING,101.0,19.447687,110.0,0.857,525.0,vivosmart4APAC,656.62,765.0,112.0,10.676916,142.0,1.561,1092_mr_activities_11,1589519863.0,28800.0,1178.0,4986622949.0
64.0,WALKING,93.0,17.379215,112.0,0.9590000000000001,525.0,vivosmart4APAC,1087.12,1133.0,105.0,9.437524,138.0,1.766,1092_mr_activities_11,1589761038.0,28800.0,1686.0,4986623613.0
39.0,WALKING,97.0,20.627062,106.0,0.8079999999999999,525.0,vivosmart4APAC,599.1,741.0,116.0,10.815488,116.0,1.541,1092_mr_activities_11,1589763095.0,28800.0,1068.0,4986624066.0
64.0,WALKING,104.0,10.9218,124.0,1.526,525.0,vivosmart4APAC,1781.24,1167.0,114.0,4.907735,214.0,3.3960000000000004,1092_mr_activities_11,1589874715.0,28800.0,2858.0,4986624785.0
130.0,WALKING,95.0,15.903307999999999,108.0,1.048,525.0,vivosmart4APAC,2554.8,2438.0,113.0,5.1519837,212.0,3.235,1092_mr_activities_11,1589934311.0,28800.0,4106.0,4986627251.0
81.0,WALKING,108.0,16.85204,152.0,0.9890000000000001,525.0,vivosmart4APAC,1298.19,17.0,130.0,10.010011,132.0,1.665,1092_mr_activities_11,1590100320.0,28800.0,2234.0,4986627765.0
70.0,WALKING,112.0,17.325018,112.0,0.9620000000000001,527.0,vivosmart4APAC,1232.78,1349.0,123.0,11.008366,122.0,1.514,1092_mr_activities_11,1590551661.0,28800.0,1998.0,4995376755.0
85.0,WALKING,100.0,18.896445999999997,106.0,0.882,601.0,vivosmart4APAC,379.73,1397.0,120.0,8.989572,146.0,1.854,1092_mr_activities_11,1590975974.0,28800.0,652.0,5021015851.0
64.0,WALKING,110.0,30.303028,102.0,0.55,512.0,vivosmart4APAC,557.79,808.0,115.0,7.143878,158.0,2.333,1092_mr_activities_2,1589184841.0,28800.0,902.0,4920366780.0
119.0,WALKING,92.0,20.859407,116.0,0.799,510.0,vivosmart4APAC,1181.68,690.0,141.0,5.765018,166.0,2.891,1092_mr_activities_3,1589012339.0,28800.0,1704.0,4909106773.0
77.0,WALKING,104.0,16.041065,110.0,1.0390000000000001,514.0,vivosmart4APAC,572.26,698.0,123.0,9.809691,118.0,1.699,1092_mr_activities_3,1589453098.0,28800.0,824.0,4929746615.0
99.0,WALKING,107.0,20.938025,106.0,0.7959999999999999,516.0,vivosmart4APAC,784.47,1136.0,126.0,9.908838000000001,142.0,1.682,1092_mr_activities_3,1589469863.0,28800.0,1080.0,4942354998.0
114.0,WALKING,112.0,18.018017,108.0,0.925,516.0,vivosmart4APAC,1138.84,718.0,120.0,8.573388000000001,124.0,1.944,1092_mr_activities_3,1589471550.0,28800.0,1518.0,4942355187.0
177.0,WALKING,109.0,16.518005,108.0,1.0090000000000001,516.0,vivosmart4APAC,988.17,848.0,168.0,7.9289565,152.0,2.102,1092_mr_activities_3,1589535970.0,28800.0,1330.0,4942355475.0
68.0,WALKING,124.0,18.705574,104.0,0.8909999999999999,530.0,vivosmart4APAC,803.93,1128.0,121.0,7.9706674,194.0,2.0909999999999997,1092_mr_activities_3,1590732008.0,28800.0,1114.0,5009735809.0
274.0,WALKING,103.0,15.738117,112.0,1.0590000000000002,530.0,vivosmart4APAC,3776.0,1108.0,196.0,4.7687173,206.0,3.495,1092_mr_activities_3,1590797977.0,28800.0,3562.0,5009736016.0
95.0,WALKING,157.0,7.316358599999999,142.0,2.278,602.0,vivosmart4APAC,710.36,759.0,138.0,8.640056,122.0,1.929,1092_mr_activities_3,1590839902.0,28800.0,1018.0,5026212124.0
55.0,RUNNING,125.0,19.047619,110.0,0.875,507.0,vivosmart4APAC,649.1,1657.0,121.0,10.690613,110.0,1.5590000000000002,1092_mr_activities_4,1588845089.0,28800.0,842.0,4894678318.0
179.0,WALKING,110.0,17.379215,108.0,0.9590000000000001,512.0,vivosmart4APAC,2834.38,811.0,126.0,9.038322,116.0,1.844,1092_mr_activities_4,1589094573.0,28800.0,3570.0,4920638022.0
71.0,WALKING,109.0,12.909889,110.0,1.291,521.0,vivosmart4APAC,998.98,676.0,123.0,8.296000999999999,122.0,2.009,1092_mr_activities_4,1589298796.0,28800.0,1200.0,4965504012.0
63.0,WALKING,104.0,14.160294,112.0,1.177,521.0,vivosmart4APAC,813.79,2195.0,118.0,9.033422999999999,132.0,1.845,1092_mr_activities_4,1589366185.0,28800.0,1062.0,4965504863.0
51.0,WALKING,104.0,17.041582000000002,104.0,0.978,521.0,vivosmart4APAC,809.27,848.0,117.0,3.8017032,228.0,4.3839999999999995,1092_mr_activities_4,1589455611.0,28800.0,870.0,4965505336.0
18.0,WALKING,96.0,13.333332999999998,116.0,1.25,521.0,vivosmart4APAC,359.78,832.0,150.0,5.413012999999999,180.0,3.0789999999999997,1092_mr_activities_4,1589465249.0,28800.0,390.0,4965505785.0
130.0,WALKING,141.0,6.1774154,174.0,2.698,521.0,vivosmart4APAC,1838.92,647.0,192.0,4.4802865999999995,244.0,3.72,1092_mr_activities_4,1589467387.0,28800.0,2210.0,4965506194.0
71.0,WALKING,155.0,8.005123,156.0,2.082,531.0,vivosmart4APAC,1752.15,781.0,142.0,5.338458,174.0,3.122,1092_mr_activities_4,1590633566.0,28800.0,1804.0,5015955072.0
70.0,WALKING,116.0,6.38325,162.0,2.611,506.0,vivosmart4APAC,662.74,756.0,117.0,6.839010000000001,156.0,2.437,1092_mr_activities_5,1588163730.0,28800.0,1100.0,4888146544.0
62.0,RUNNING,107.0,18.35536,104.0,0.9079999999999999,527.0,vivosmart4APAC,568.37,133.0,117.0,7.716048700000001,158.0,2.16,1092_mr_activities_5,1588764416.0,28800.0,958.0,4996959285.0
51.0,RUNNING,100.0,29.394476,90.0,0.5670000000000001,527.0,vivosmart4APAC,797.02,883.0,118.0,7.7591558,152.0,2.148,1092_mr_activities_5,1588764730.0,28800.0,1078.0,4996959639.0
10.0,RUNNING,107.0,15.179112,102.0,1.0979999999999999,527.0,vivosmart4APAC,297.28,671.0,119.0,2.4203699,206.0,6.886,1092_mr_activities_5,1588845085.0,28800.0,218.0,4996959911.0
71.0,WALKING,104.0,6.881365299999999,180.0,2.4219999999999997,526.0,vivosmart4APAC,1496.52,730.0,159.0,4.2691254999999995,196.0,3.904,1092_mr_activities_6,1589946604.0,28800.0,1758.0,4989762667.0
101.0,WALKING,139.0,8.970219,146.0,1.858,428.0,vivosmart4APAC,2313.97,1001.0,179.0,2.2332394,248.0,7.462999999999999,1092_mr_activities_7,1587699836.0,28800.0,2294.0,4850441153.0
81.0,WALKING,159.0,6.825007,154.0,2.4419999999999997,428.0,vivosmart4APAC,1955.6,725.0,181.0,3.6295006,238.0,4.592,1092_mr_activities_7,1587706774.0,28800.0,2104.0,4850443049.0
201.0,RUNNING,145.0,6.8956003,162.0,2.417,525.0,vivosmart4APAC,4079.54,122.0,166.0,3.866079,176.0,4.311,1092_mr_activities_7,1589340131.0,28800.0,3696.0,4984899503.0
178.0,RUNNING,141.0,5.9248724,156.0,2.813,426.0,vivosmart4APAC,3444.84,805.0,173.0,3.8633902,174.0,4.314,1092_mr_activities_8,1587889304.0,28800.0,2972.0,4839255943.0
180.0,RUNNING,151.0,5.703856,154.0,2.9219999999999997,502.0,vivosmart4APAC,4102.24,947.0,172.0,3.90961,178.0,4.263,1092_mr_activities_8,1588406595.0,28800.0,3198.0,4867671399.0
200.0,RUNNING,144.0,5.065856,160.0,3.29,524.0,vivosmart4APAC,3879.13,809.0,188.0,3.7630767999999994,176.0,4.428999999999999,1092_mr_activities_8,1590308179.0,28800.0,3238.0,4980388792.0
39.0,RUNNING,150.0,5.876822,152.0,2.8360000000000003,507.0,vivosmart4APAC,479.88,1450.0,103.0,7.634753,154.0,2.1830000000000003,1092_mr_activities_9,1588764340.0,28800.0,846.0,4893654413.0
49.0,RUNNING,88.0,23.375410000000002,110.0,0.713,512.0,vivosmart4APAC,753.41,1178.0,102.0,6.4775233,178.0,2.573,1092_mr_activities_9,1588845086.0,28800.0,1192.0,4920706895.0
